PROVNUM,PROVNAME,BEDCERT,RESTOT,INHOSP,OVERALL_RATING,STATE,COUNTY_NAME,Provider ID,Total SNF Medicare Payment Amount,Average Length of Stay (Days),Average HCC Score,feature_1,feature_2,feature_3
395001,PASSAVANT RETIREMENT AND HEALT,102,97,N,5,PA,Butler,395001,705824.98,18.15,2.111312137,3,2,7
395003,QUALITY LIFE SERVICES - NEW CASTLE,204,175,N,2,PA,Lawrence,395003,931475.35,22.40816327,2.909844654,9,7,7
395006,ST JOSEPH'S MANOR (DBA ENTITY OF HRHS),296,283.1,N,4,PA,Montgomery,395006,5728799.84,18.12017804,2.366081156,1,8,0
395010,NESHAMINY MANOR HOME,360,353,N,5,PA,Bucks,395010,2311895.63,28.46376812,2.511883472,9,8,9
395011,PLATINUM RIDGE CTR FOR REHAB & HEALING,97,81,N,1,PA,Allegheny,395011,559948.54,20.34782609,3.795970645,2,7,4
395012,BROOKVIEW HEALTH CARE CENTER,152,142,N,2,PA,Franklin,395012,3489870.28,27.13468014,2.234966671,2,7,5
395013,ELDERCREST HEALTHCARE AND REHABILITATION CENTER,48,40,N,3,PA,Allegheny,395013,356148.89,19.87037037,2.368746946,4,4,4
395015,BRIGHTON REHABILITATION AND WELLNESS CENTER,589,465.1,N,1,PA,Beaver,395015,3928363.01,31.2879257,3.226797561,1,2,8
395016,HANOVER HALL,152,138.8,N,4,PA,York,395016,2105816.4,26.75956284,2.710653309,4,8,2
395019,ARISTACARE AT MEADOW SPRINGS,153,135.7,N,2,PA,Montgomery,395019,1181430.32,33.40983607,3.667218783,4,1,9
395020,BAPTIST HOMES OF WESTERN PENNSYLVANIA,126,116.4,N,4,PA,Allegheny,395020,368137.83,20.52272727,2.589393526,9,1,0
395023,PHOEBE RICHLAND HCC,143,120.4,N,5,PA,Bucks,395023,1904286.93,17.48148148,2.220004641,7,1,7
395028,SQUIRREL HILL WELLNESS AND REHABILITATION CENTER,178,125.1,N,2,PA,Allegheny,395028,533596.26,23.52459016,3.540128662,9,1,7
395031,HAVEN SKILLED REHABILITATION AND NURSING,90,71.6,Y,2,PA,Clinton,395031,1086531.91,22.76978417,2.139034108,6,9,7
395032,MCMURRAY HILLS MANOR,115,103.2,N,3,PA,Washington,395032,545637.88,24.45762712,2.500132477,5,5,8
395034,VINCENTIAN HOME,212,172.1,N,5,PA,Allegheny,395034,2401315.53,19.53054662,1.992009557,6,9,5
395037,MANORCARE HEALTH SERVICES-KINGSTON COURT,151,128.2,N,2,PA,York,395037,2262315.92,21.9375,3.007658304,6,3,0
395041,TWINBROOK HEALTHCARE AND REHABILITATION CENTER,120,104.5,N,5,PA,Erie,395041,670060.5,23.95294118,2.471740493,7,8,6
395042,SAINT MARY'S EAST,139,132.5,N,5,PA,Erie,395042,1545523.51,32.5862069,2.342323436,7,7,8
395044,OAKMONT CENTER FOR NURSING & REHABILITATION,85,78.8,N,5,PA,Allegheny,395044,604549.37,27.1875,3.000953587,3,1,4
395045,"MOUNTAIN VIEW, A NURSING AND REHABILITATION CENTE",271,229.1,N,1,PA,Northumberlnd,395045,2036253.31,22.675,2.441346404,6,3,4
395047,GREENLEAF NURSING HOME AND CON,130,121.7,N,2,PA,Bucks,395047,1114650.79,30.65263158,4.087427561,2,5,5
395050,GARVEY MANOR,132,128,N,4,PA,Blair,395050,450792.07,23.17021277,2.15828718,9,3,6
395052,BROOMALL PRESBYTERIAN VILLAGE,146,119.5,N,4,PA,Delaware,395052,2660751.94,25.38604651,2.460146127,1,9,9
395058,REST HAVEN-YORK,159,129,N,4,PA,York,395058,2185126,22.64143426,2.462201174,9,6,7
395066,JEFFERSON HILLS HEALTHCARE AND REHABILITATION CENT,83,74.4,N,2,PA,Allegheny,395066,576294.36,23.3968254,2.866197827,4,6,5
395067,GREEN RIDGE CARE CENTER,95,84,N,2,PA,Lackawanna,395067,2256473.17,22.30833333,2.720237501,2,1,0
395068,MANORCARE HEALTH SERVICES-PITTSBURGH,197,168.2,N,2,PA,Allegheny,395068,1413486.72,25.73837209,3.380434562,7,0,1
395074,SPRING CREEK REHABILITATION AND NURSING CENTER,404,346,N,1,PA,Dauphin,395074,3811598.68,36.83941606,3.701744466,2,8,6
395075,NEW EASTWOOD HEALTHCARE AND REHABILITATION CENTER,97,89.5,N,5,PA,Northampton,395075,5582312.23,25.4254902,2.887918311,0,3,6
395077,GARDEN SPRING NURSING AND REHABILITATION CENTER,173,160,N,2,PA,Montgomery,395077,1841328.38,29.9921875,3.485663822,3,5,6
395078,BROOMALL REHABILITATION AND NURSING CENTER,298,233.4,N,2,PA,Delaware,395078,4632610.21,29.98125,2.651191741,0,5,4
395080,PHOEBE ALLENTOWN HEALTH CARE CENTER,395,228.4,N,4,PA,Lehigh,395080,5389340.73,21.31114551,2.286664276,1,8,1
395084,SOMERTON  NURSING AND REHABILITATION CENTER,225,187.3,N,1,PA,Philadelphia,395084,1333782.95,19.42384106,3.204949095,3,6,5
395090,WINDBER WOODS SENIOR LIVING & REHABILITATION CTR,127,97.4,N,1,PA,Somerset,395090,475835.09,23.74545455,1.979486111,8,6,7
395092,MEADOW VIEW HEALTHCARE AND REHABILITATION CENTER,63,59.7,N,4,PA,Susquehanna,395092,1488139.64,25.65217391,2.068866487,7,8,6
395094,BERKS HEIM NURSING & REHABILITATION,420,406.2,N,3,PA,Berks,395094,2930443.27,34.19591837,2.395509066,0,9,3
395095,"BRYN MAWR TERRACE, THE",120,59.1,N,4,PA,Delaware,395095,3938527.51,29.82771536,2.59861402,1,5,5
395101,SAYRE HEALTH CARE CENTER,90,79.3,N,3,PA,Bradford,395101,1801632.87,23.04205608,2.235389185,9,7,5
395103,JEWISH HOME OF EASTERN PENNSYL,173,158.7,N,3,PA,Lackawanna,395103,995493.11,25.52586207,2.2845351,5,1,7
395104,SAINT MARY'S VILLA NURSING HOM,112,101.4,N,5,PA,Lackawanna,395104,1052519.71,25.86956522,2.123298746,1,1,7
395105,MOSSER NURSING HOME,60,47.8,N,4,PA,Lehigh,395105,966214.56,31.14666667,2.795170665,6,4,9
395108,"CROSS KEYS VILLAGE-BRETHREN HOME COMMUNITY, THE",270,196.4,N,2,PA,Adams,395108,3925223.5,25.46341463,2.136662971,8,3,0
395109,BEAVER HEALTHCARE AND REHABILITATION CENTER,67,59.8,N,3,PA,Beaver,395109,494809.8,19.61290323,2.913063622,2,8,5
395110,OAKWOOD HEALTHCARE & REHABILITATION CENTER,148,137.4,N,3,PA,Philadelphia,395110,3259771.16,27.44255319,3.387913123,3,1,0
395117,"LUTHERAN HOME AT TOPTON, THE",194,186.2,N,5,PA,Berks,395117,2332229.96,23.60323887,2.150912508,3,5,5
395118,QUALITY LIFE SERVICES - CHICORA,114,103.8,N,4,PA,Butler,395118,843213,32.12676056,3.222640504,3,4,8
395121,SIMPSON HOUSE INC,154,133.7,N,5,PA,Philadelphia,395121,1148061.33,31.7260274,2.81557429,8,0,4
395123,"GARDENS AT CAMP HILL, THE",95,86.5,N,1,PA,Cumberland,395123,406357.27,24.64583333,3.001451133,3,9,6
395134,INGLIS HOUSE,252,235,N,1,PA,Philadelphia,395134,839648.4,19.60465116,3.991882522,3,1,6
395135,PENNYPACK NURSING AND REHABILITATION CENTER,54,40.2,N,5,PA,Philadelphia,395135,1526927.66,22.37820513,3.213478266,7,3,3
395138,MIFFLIN CENTER,136,132.8,N,5,PA,Berks,395138,3402339.84,33.68049793,2.456182367,3,2,6
395142,"GARDENS AT BLUE RIDGE, THE",95,91.3,N,1,PA,Dauphin,395142,499633.88,18.91891892,3.36805473,1,6,1
395146,CANTERBURY PLACE,115,93.1,N,4,PA,Allegheny,395146,865581.77,17.13821138,2.204611302,3,9,0
395148,TIMBER RIDGE HEALTH CENTER,180,169.2,N,1,PA,Luzerne,395148,2841728.66,22.43161094,2.586199329,8,5,3
395158,"GROVE AT GREENVILLE, THE",154,142,N,3,PA,Mercer,395158,557086.52,24.59016393,3.320062653,6,6,3
395160,SAXONY HEALTH CENTER,68,55.6,N,3,PA,Butler,395160,320708.91,24.90909091,2.159336564,8,7,4
395164,ST JOHN SPECIALTY CARE CENTER,300,184.7,N,5,PA,Butler,395164,949788.21,25.57894737,3.228865623,8,9,1
395166,PEMBROOKE HEALTH AND REHABILITATION CENTER,180,146,N,2,PA,Chester,395166,900959.96,29.35616438,3.644008458,9,1,5
395167,VALLEY MANOR REHABILITATION AND HEALTHCARE CENTER,180,,N,1,PA,Lehigh,395167,1724017.55,30.50993378,3.479218551,4,8,6
395168,COLONIAL MANOR NURSING HOME,270,224.3,N,2,PA,York,395168,2185649.44,31.40697674,2.620565128,2,3,8
395171,WESTMINSTER VILLAGE,111,105.8,N,5,PA,Lehigh,395171,886992.93,23,2.360784797,1,6,3
395172,"MANOR AT PENN VILLAGE, THE",159,143.6,N,1,PA,Snyder,395172,1816989,24.58762887,3.186231131,2,6,5
395173,WESTGATE HILLS REHABILITATION AND NURSING CTR,110,103.5,N,3,PA,Delaware,395173,4075501.39,29.2970297,3.76392132,1,3,3
395174,ABINGTON CREST HEALTHCAREANDREHABILITATION CENTER,80,35.5,N,1,PA,Erie,395174,512167.71,29.4516129,2.990636861,1,6,3
395176,AMBLER EXTENDED CARE CENTER,100,89.6,N,5,PA,Montgomery,395176,649692.18,32.97619048,3.101613095,4,4,5
395177,ROSE CITY NURSING AND REHAB AT LANCASTER,124,102.1,N,1,PA,Lancaster,395177,589517.45,32.92307692,4.003921324,1,4,6
395180,CORNWALL MANOR,96,88.3,N,5,PA,Lebanon,395180,759111.14,32.13513514,2.347631515,1,1,0
395182,ST JOHN NEUMANN CTR FOR REHAB & HEALTHCARE,226,215.1,N,1,PA,Philadelphia,395182,2138999.56,23.15909091,3.019449612,8,5,0
395188,BUCKINGHAM VALLEY REHABILITATION AND NURSINGCENTER,130,110,N,5,PA,Bucks,395188,4202231.91,28.61006289,2.677608075,9,4,7
395193,ROSEMONT CENTER,76,63.8,N,3,PA,Delaware,395193,255645.76,23.82608696,4.534186386,3,7,6
395194,FOX SUBACUTE CENTER,60,55,N,3,PA,Bucks,395194,819314.8,29.46938776,3.311610599,8,0,5
395197,"GROVE AT NEW WILMINGTON, THE",115,95.6,N,2,PA,Lawrence,395197,409765.69,32.51515152,2.889234993,5,7,0
395199,MANORCARE HEALTH SERVICES-LANCASTER,172,154.9,N,2,PA,Lancaster,395199,1993914.36,25.63586957,2.545708124,3,0,1
395200,WALNUT CREEK HEALTHCARE AND REHABILITATION CENTER,115,106.2,N,3,PA,Erie,395200,1630610.88,22.535,2.331345308,3,2,8
395202,BROOMALL MANOR,123,67.6,N,2,PA,Delaware,395202,505934.02,39.34482759,2.703259212,9,1,0
395203,PROSPECT PARK HEALTH AND REHABILITATION CENTER,180,129.2,N,2,PA,Delaware,395203,1557250.79,31.52830189,3.373989609,8,4,5
395205,LANCASHIRE HALL,240,221.9,N,2,PA,Lancaster,395205,1059255.73,29,2.432861818,5,9,0
395206,SARAH REED SENIOR LIVING,106,101.4,N,4,PA,Erie,395206,919908.7,29.11702128,2.120721831,8,1,7
395208,BELAIR HEALTHCARE AND REHABILITATION CENTER,103,79.2,N,1,PA,Westmoreland,395208,1053290.24,23.02586207,3.177141158,4,4,6
395217,RICHBORO REHABILITATION & NURSING CENTER,82,64.8,N,5,PA,Bucks,395217,1613311.31,26.6013986,2.859467525,9,0,8
395221,DONAHOE MANOR,72,68.2,N,3,PA,Bedford,395221,812679.79,23.73563218,2.666837268,5,1,7
395223,"GARDENS AT WEST SHORE, THE",309,178.5,N,1,PA,Cumberland,395223,450730.58,17.23529412,3.403993148,5,7,6
395224,HAMILTON ARMS CENTER,94,82.2,N,5,PA,Lancaster,395224,1207700.86,31.79207921,2.181420178,5,2,3
395226,SPRUCE MANOR NURSING & REHABILITATION CENTER,184,172.3,N,2,PA,Berks,395226,1930629.69,38.54609929,3.339432984,1,8,4
395227,BROOKSIDE HEALTHCARE & REHABILITATION CENTER,120,113.5,N,5,PA,Montgomery,395227,2212840.69,33.72661871,3.058408642,2,2,5
395228,UPMC COLE SKILLED NURSING AND REHABILITATION UNIT,44,41.4,Y,4,PA,Potter,395228,520448.55,22.55882353,2.107683014,5,8,4
395231,NUGENT CONVALESCENT HOME,105,,N,1,PA,Mercer,395231,846984.41,34.09333333,2.229454032,9,0,6
395232,HOSPITALITY CARE CENTER OF HER,33,26.7,N,4,PA,Mercer,395232,153379.76,17.21428571,2.257527778,0,2,7
395237,WYOMISSING HEALTH AND REHABILITATION CENTER,103,96.5,N,3,PA,Berks,395237,1672704.66,28.6516129,2.904421283,8,3,9
395241,HILLVIEW HEALTHCARE AND REHABILITATION CENTER,133,119.5,N,1,PA,Blair,395241,1047808.03,24.57009346,3.435854305,2,7,3
395243,LAUREL RIDGE CENTER,61,54.7,N,3,PA,Fayette,395243,616578.07,25.6440678,2.326300526,9,7,4
395244,SAINT PAUL HOMES,192,184,N,5,PA,Mercer,395244,1976387.23,28.3196347,2.371055324,7,7,0
395247,"GARDENS AT GETTYSBURG, THE",102,90.7,N,2,PA,Adams,395247,570819.7,26,2.353490654,4,1,8
395248,TRANSITIONS HEALTHCARE AUTUMN GROVE CARE CENTER,103,92.1,N,3,PA,Butler,395248,580156.11,26.80701754,2.519863742,9,4,2
395249,HAMPTON HOUSE,104,88.8,N,2,PA,Luzerne,395249,1309183.16,28.68503937,2.40888578,9,9,3
395250,HOLY FAMILY MANOR,208,153.3,N,5,PA,Northampton,395250,2066461.88,16.8,2.208472797,2,3,0
395251,MANORCARE HEALTH SERVICES-SHADYSIDE,150,130.3,N,2,PA,Allegheny,395251,1373818.9,28.2519084,2.659082576,0,8,0
395252,"GARDENS AT YORK TERRACE, THE",80,71.3,N,5,PA,Schuylkill,395252,834827.62,26.91463415,2.324960235,0,7,6
395256,HARBORVIEW REHABILITATION AND CARE CENTER AT LANSD,126,,N,3,PA,Montgomery,395256,579005.33,30.16666667,2.582244239,8,6,0
395258,SILVER LAKE CENTER,174,165.5,N,3,PA,Bucks,395258,1822892.75,22.58064516,3.220594641,5,7,8
395259,STATESMAN HEALTH & REHABILITATION CENTER,101,83.7,N,2,PA,Bucks,395259,1869958.32,22.33928571,3.526019078,7,6,2
395260,CARBONDALE NURSING AND REHABILITATION CENTER,115,107.5,N,1,PA,Lackawanna,395260,1782022.04,24.30275229,2.914236466,4,1,1
395261,BUFFALO VALLEY LUTHERAN VILLAG,102,99.2,N,5,PA,Union,395261,1164232.22,25.33846154,1.951002803,0,7,1
395262,WESTERN RESERVE HEALTHCAREANDREHABILITATION CENTER,133,86.9,N,3,PA,Erie,395262,798992.15,25.82417582,3.582127224,0,8,7
395264,MANORCARE HEALTH SERVICES-WEST ALLEN,146,137.1,N,4,PA,Lehigh,395264,972760.48,21.19594595,3.301276089,7,0,4
395265,"PAVILION AT ST LUKE VILLAGE, THE",120,97.6,N,1,PA,Luzerne,395265,2740907.16,30.96577947,2.622324393,7,4,8
395266,BEAVER VALLEY HEALTHCARE AND REHABILITATION CENTER,120,95.4,N,1,PA,Beaver,395266,1763736.31,23.97326203,2.315588011,6,1,7
395270,FOREST PARK HEALTHCARE AND REHABILITATION CENTER,114,108.3,N,2,PA,Cumberland,395270,1634475.5,27.22857143,2.650483635,1,6,2
395273,"GARDENS AT SCRANTON, THE",139,107.3,N,1,PA,Lackawanna,395273,1612091.27,23.90860215,3.568934136,9,8,5
395276,"SUMMIT AT BLUE MOUNTAIN NURSING & REHAB CTR, THE",91,84.7,Y,2,PA,Carbon,395276,1551881.31,19.71830986,2.333754746,5,9,4
395277,HARBORVIEW REHABILITATION CARE CENTER AT DOYLESTOW,120,,N,3,PA,Bucks,395277,478477.58,26.16363636,4.615815038,8,3,5
395278,SAINT JOSEPH VILLA,106,100.2,N,4,PA,Montgomery,395278,2608782.28,30.24736842,2.175655624,9,2,1
395279,PINECREST MANOR,138,122.7,Y,5,PA,Elk,395279,1220063.72,36.71186441,3.12864425,2,4,5
395282,ST FRANCIS CENTER FOR REHABILITATION & HEALTHCARE,273,175.9,N,2,PA,Delaware,395282,2360822.4,20.64351852,3.334205547,2,9,4
395283,RIVERWOODS,226,122.8,N,1,PA,Union,395283,1869994.33,24.03827751,2.098777002,1,9,1
395284,"PHOENIX  CENTER FOR REHABILITATION AND NURSING,THE",138,81.6,N,2,PA,Chester,395284,866809.93,25.82666667,2.675545797,7,9,3
395285,BARNES-KASSON COUNTY HOSPITAL,58,51.1,Y,1,PA,Susquehanna,395285,339895.86,28.81967213,2.220127692,4,2,3
395286,BROAD MOUNTAIN HEALTH AND REHABILITATION CENTER,129,96.7,N,1,PA,Schuylkill,395286,1749124.79,31.04878049,2.964785617,7,5,4
395288,"GARDENS AT STROUD, THE",127,119.1,N,1,PA,Monroe,395288,2160074.08,26.29166667,2.865307284,0,0,1
395289,SOUTH HILLS REHABILITATION AND WELLNESS CENTER,104,86.9,N,3,PA,Washington,395289,989372.65,30.01149425,2.709023819,7,8,2
395290,PLEASANT ACRES REHABILITATION AND NURSING CENTER,375,340.5,N,2,PA,York,395290,807037.64,20.5,2.307699449,0,9,4
395292,WESBURY UNITED METHODIST COMMU,210,193.2,N,4,PA,Crawford,395292,1677265.56,27.67005076,2.264466268,8,9,7
395295,MURRYSVILLE REHABILITATION AND WELLNESS CENTER,120,103.7,N,3,PA,Westmoreland,395295,652289.68,28.046875,3.542068024,6,2,4
395296,MEADOWVIEW REHABILITATION AND NURSING CENTER,244,224.5,N,1,PA,Philadelphia,395296,2176216.3,21.85204082,3.135770438,0,3,3
395297,HUNTINGDON PARK REHAB CENTER,93,79.5,N,2,PA,Huntingdon,395297,1159815.74,30.36170213,2.986860926,3,5,4
395298,GUARDIAN HEALTHCARE AND REHABILITATION CENTER,110,100.3,N,5,PA,Luzerne,395298,1472734,33.41964286,2.899482164,9,1,5
395300,WEXFORD HEALTHCARE CENTER,182,164.7,N,4,PA,Allegheny,395300,1718489.04,26.19393939,2.320708243,4,5,0
395305,CHANDLER HALL HEALTH SERVICES,53,45,N,4,PA,Bucks,395305,1355663,24.584,2.495128323,8,9,2
395307,KENDAL AT LONGWOOD,53,47.3,N,5,PA,Chester,395307,297549.42,18.08695652,1.864613248,0,5,4
395309,MANORCARE HEALTH SERVICES-YORK SOUTH,151,131.1,N,4,PA,York,395309,2404556.33,25.72608696,2.475988643,0,8,9
395311,BRYN MAWR EXTENDED CARE CENTER,160,129.9,N,4,PA,Delaware,395311,1483817.65,26.86725664,3.802353558,3,5,0
395313,SCENERY HILL HEALTHCARE AND REHABILITATION CENTER,56,43.5,N,1,PA,Indiana,395313,771725.35,23.81481482,3.850419163,8,0,1
395316,ST LUKE'S REHABILITATION AND NURSING CENTER,48,44.3,Y,4,PA,Schuylkill,395316,1218182.32,29.01785714,2.476360877,2,2,4
395317,SUNBURY COMMUNITY HEALTH AND REHABILITATION CENTER,29,23.6,N,4,PA,Northumberlnd,395317,610194.66,17.14942529,2.277284475,0,0,1
395318,"GREEN HOME, INC, THE",120,109.4,N,2,PA,Tioga,395318,1462837.85,21.23560209,2.298764691,9,5,6
395319,MANATAWNY MANOR,133,122.2,N,4,PA,Chester,395319,2431607.22,17.43181818,2.568507104,0,4,0
395321,RYDAL PARK OF PHILADELPHIA PRS,114,96.1,N,5,PA,Montgomery,395321,3397875.15,19.34793814,2.173067556,2,9,1
395324,LITTLE FLOWER MANOR OF DIOCESE,133,123.3,N,3,PA,Luzerne,395324,1852513.08,25.27624309,2.128320438,9,6,6
395325,MORAVIAN MANOR,119,107.3,N,5,PA,Lancaster,395325,1401384.22,29.37704918,2.053356351,3,2,5
395326,"ZERBE SISTERS NURSING CENTER,",87,81.8,N,4,PA,Lancaster,395326,889570.89,34.78125,2.0154,9,0,3
395328,BRETHREN VILLAGE,120,115.1,N,5,PA,Lancaster,395328,577745.01,23.53125,1.984718554,7,7,8
395329,WILLIAM HOOD DUNWOODY CARE CTR,81,70.9,N,5,PA,Delaware,395329,4562029.36,20.19282511,1.922034708,7,2,2
395330,CHELTENHAM NURSING AND REHAB C,255,223.8,N,1,PA,Montgomery,395330,1551264.25,33.36448598,3.401419087,3,2,2
395331,MOUNTAIN LAUREL HEALTHCARE AND REHABILITATION CTR,240,155.6,N,1,PA,Clearfield,395331,2280246.17,24.33828996,2.690699092,1,2,3
395332,WAYNE CENTER,112,99.1,N,5,PA,Chester,395332,1916320.48,21.94021739,2.470323315,2,7,4
395333,GUTHRIE TOWANDA MEMORIAL HOSPITAL SKILLED NURSING,68,59,Y,4,PA,Bradford,395333,899798.38,19.78145695,2.801189629,9,8,1
395334,CHESTNUT HILL LODGE HEALTH AND REHAB CTR,181,162.5,N,1,PA,Montgomery,395334,805631.23,26.12676056,3.37867093,5,5,9
395335,WILLIAM PENN HEALTHCARE AND REHABILITATION CENTER,121,116.4,N,5,PA,Mifflin,395335,1087681.8,26.21929825,2.967604323,9,1,7
395336,QUARRYVILLE PRESBYTERIAN RETIREMENT COMMUNITY,130,104.4,N,5,PA,Lancaster,395336,1255018.45,31.99056604,1.842761374,6,8,2
395338,IMMACULATEMARYCENTER FOR REHABILITATION&HEALTHCARE,296,265.5,N,2,PA,Philadelphia,395338,3655343.65,23.6271777,2.435820623,3,8,4
395341,ELK HAVEN NURSING HOME,120,107.7,N,4,PA,Elk,395341,1827336.39,31.57317073,2.496605474,4,6,0
395342,HOPKINS CENTER,106,94.1,N,4,PA,Montgomery,395342,858996.45,29.21621622,3.294431263,8,6,2
395343,STONERIDGE TOWNE CENTRE,152,114.2,N,4,PA,Lebanon,395343,1539234.44,39.07826087,1.911771214,7,1,3
395344,MANORCARE HEALTH SERVICES-POTTSVILLE,179,134.5,N,1,PA,Schuylkill,395344,1573080.47,28.88023952,2.697252315,3,8,5
395345,RIVER RUN REHAB AND NURSING CENTER,134,86.2,N,3,PA,Luzerne,395345,2357646.33,21.9330855,2.322134852,3,4,6
395346,TOWNE MANOR WEST,119,109.8,N,4,PA,Montgomery,395346,1392472.88,42.90909091,3.352623648,7,3,0
395347,FREY VILLAGE,136,126.3,N,1,PA,Dauphin,395347,1617718.27,22.61212121,2.41588126,3,8,8
395348,MANORCARE HEALTH SERVICES-CHAMBERSBURG,210,158.2,N,2,PA,Franklin,395348,4168456.12,27.88495575,2.973611021,8,2,6
395349,CALVARY FELLOWSHIP HOMES INC,45,42,N,5,PA,Lancaster,395349,390293.61,26.24390244,1.951595235,0,9,2
395350,LOCUST GROVE RETIREMENT VILLAGE,104,89.5,N,4,PA,Juniata,395350,850884.61,21.38235294,3.313562308,0,4,7
395351,MANORCARE HEALTH SERVICES-WEST READING NORTH,176,148,N,5,PA,Berks,395351,1471167.48,35.89908257,3.632058624,1,5,2
395352,BROAD ACRES HEALTH AND REHAB,120,104.9,N,1,PA,Tioga,395352,1819587.88,30.06043956,2.217059187,4,0,3
395354,SILVER STREAM NURSING AND REHABILITATION CENTER,120,89.3,N,2,PA,Montgomery,395354,661932.32,23.09090909,3.351870578,2,4,0
395355,"PAVILION AT BRMC, THE",95,81.8,N,5,PA,Mc Kean,395355,1614165.7,23.72392638,2.165257308,1,0,7
395356,"GUY AND MARY FELT MANOR, INC",40,32.7,N,3,PA,Cameron,395356,501114.52,26.64583333,2.286502033,4,2,4
395357,ELLEN MEMORIAL HEALTH CARE CENTER,128,89.9,N,3,PA,Wayne,395357,1633939.36,36.98412698,2.088200762,8,2,7
395359,MANORCARE HEALTH SERVICES-JERSEY SHORE,120,106.7,N,4,PA,Lycoming,395359,1013723.37,26.33636364,2.169573259,4,6,4
395360,GERMANTOWN HOME,180,174.4,N,3,PA,Philadelphia,395360,1069490.8,27.80246914,2.767991081,5,2,8
395361,PLEASANT RIDGE MANOR EAST/WEST,300,260.5,N,1,PA,Erie,395361,759543.77,24.2745098,2.585605789,6,9,8
395363,KINZUA HEALTHCARE AND REHABILITATION CENTER,106,89.2,N,3,PA,Warren,395363,567104.51,27.67213115,2.420886969,4,1,4
395364,MANORCARE HEALTH SERVICES-WILLIAMSPORT NORTH,152,120.1,N,1,PA,Lycoming,395364,851049.51,26.51111111,2.864582402,8,6,5
395365,SPANG CREST MANOR,105,97.1,N,5,PA,Lebanon,395365,1554860.28,29.02040816,2.121279691,5,8,8
395366,PINE RUN HEALTH CENTER,90,77.4,N,5,PA,Bucks,395366,3720781.1,19.5140665,2.25916543,3,2,2
395367,OXFORD HEALTH CENTER,137,115.6,N,1,PA,Chester,395367,2780270,28.85909091,2.452766288,7,2,6
395370,LUTHER WOODS NURSING AND REHABILITATION CENTER,140,124.2,N,1,PA,Montgomery,395370,797995.5,19.10752688,2.248452992,9,6,2
395371,QUALITY LIFE SERVICES - APOLLO,177,151.3,N,4,PA,Westmoreland,395371,1339367.86,34.00970874,2.594487207,2,0,7
395372,JEWISH HOME OF GREATER HARRISB,138,131.1,N,2,PA,Dauphin,395372,950114.64,18.80869565,1.991140034,8,3,7
395373,OHESSON MANOR,134,127.2,N,2,PA,Mifflin,395373,1368852.38,28.14184397,2.301794684,4,9,4
395374,MANORCARE HEALTH SERVICES-YEADON,198,183,N,2,PA,Delaware,395374,1449189.82,29.27358491,3.131555728,3,1,3
395375,SWAIM HEALTH CENTER,79,67.4,N,5,PA,Cumberland,395375,1191018.51,29.06666667,2.180468813,6,5,9
395378,QUINCY RETIREMENT COMMUNITY,134,122.5,N,2,PA,Franklin,395378,2978410.15,25.15298508,2.572870846,0,3,0
395379,LOYALSOCK REHAB CENTER,133,118.1,N,2,PA,Lycoming,395379,1928385.33,35.97468354,2.82973374,1,6,8
395380,SAUNDERS HOUSE,180,163.5,N,5,PA,Montgomery,395380,4228191.84,23.51629073,3.108652884,9,0,7
395381,VALENCIA WOODS AT ST BARNABAS,47,29.7,N,5,PA,Butler,395381,592020.64,23.42857143,1.873349034,0,2,5
395382,"GROVE AT NORTH HUNTINGDON, THE",120,98.4,N,2,PA,Westmoreland,395382,515402.81,26.9375,2.656036615,7,9,8
395384,POCOPSON HOME,275,253.2,N,4,PA,Chester,395384,1283124.66,26.12698413,2.554182597,4,6,4
395386,BETHANY VILLAGE RETIREMENT CENTER,69,66.1,N,4,PA,Cumberland,395386,969355.68,35.75362319,2.018268379,4,4,5
395387,FULTON COUNTY MEDICAL CENTER,67,63.2,Y,3,PA,Fulton,395387,723172.92,32.4125,2.524314286,4,9,3
395388,CROSSLANDS,60,54.5,N,5,PA,Chester,395388,336352.05,18.06896552,1.680371057,8,0,2
395390,NOTTINGHAM VILLAGE,121,104.8,N,2,PA,Northumberlnd,395390,1277823.66,24.42222222,2.032327115,0,0,0
395391,ASBURY HEALTH CENTER,139,129.2,N,3,PA,Allegheny,395391,1224998.79,19.1183432,2.012496167,6,7,6
395393,EPWORTH HEALTHCARE AND REHABILITATION CENTER,102,97.4,N,1,PA,Blair,395393,1825162.6,23.80981595,2.985760132,7,2,8
395395,COLONIAL PARK CARE CENTER,198,177.7,N,1,PA,Dauphin,395395,2432393.98,29.54385965,2.903010782,1,6,3
395396,MANORCARE HEALTH SERVICES-WILLIAMSPORT SOUTH,116,82.7,N,3,PA,Lycoming,395396,704694.12,29.23188406,3.046600445,6,9,8
395397,MANORCARE HEALTH SERVICES-KINGSTON,176,136.6,N,2,PA,Luzerne,395397,2238407.6,22.07720588,2.760042411,4,1,4
395398,SIEMONS' LAKEVIEW MANOR NURSING AND REHAB CTR,120,91.7,N,1,PA,Somerset,395398,703163.13,24.15476191,2.58724736,2,7,3
395400,SUSQUEHANNA VALLEY NURSING & REHABILITATION CENTER,173,155.3,N,1,PA,Lancaster,395400,1807947.67,32.51923077,2.4325092,7,2,4
395401,"BALL PAVILION, THE",85,75.5,N,5,PA,Erie,395401,475514.45,20.91044776,1.845636158,3,2,8
395402,MANORCARE HEALTH SERVICES-POTTSTOWN,150,112.5,N,5,PA,Montgomery,395402,1809839.78,21.61928934,2.749355694,1,5,6
395403,HARRISON SENIOR LIVING OF CHRISTIANA,139,117,N,2,PA,Lancaster,395403,1150875.96,32.41304348,2.602326067,6,6,3
395404,"LECOM AT PRESQUE ISLE, INC",141,117.3,N,1,PA,Erie,395404,652896.01,23.76404494,3.78792736,0,5,0
395405,QUAKERTOWN CENTER,138,125.8,N,3,PA,Bucks,395405,2012137.87,26.16022099,3.260548856,3,1,8
395406,LUTHER ACRES MANOR,106,101.8,N,5,PA,Lancaster,395406,1220579.25,25.04385965,2.014420713,8,5,1
395408,LAUREL CENTER,130,120,N,4,PA,Berks,395408,1321281.4,38.07317073,2.731723281,5,8,4
395409,BRIARLEAF NURSING AND CONVAL C,178,170.7,N,5,PA,Bucks,395409,1830694.88,28.19760479,5.172502951,6,1,3
395410,QUALITY LIFE SERVICES - SUGAR CREEK,114,96,N,3,PA,Armstrong,395410,538751.1,33.90476191,2.93481985,8,6,9
395413,WESLEY ENHANCED LIVING PENNYPACK PARK,120,112.1,N,5,PA,Philadelphia,395413,1049588.27,18.71328671,2.321793483,2,8,2
395414,LACKAWANNA HEALTH AND REHAB CENTER,272,174.9,N,1,PA,Lackawanna,395414,1343370.13,37.84042553,2.259600329,6,9,0
395416,ROSEWOOD REHABILITATION & NURSING CENTER,142,134.6,N,2,PA,Schuylkill,395416,1492360.8,42.28571429,2.487823289,1,7,8
395418,BROOKLINE MANOR AND REHABILITATIVE SERVICES,85,78.7,N,4,PA,Juniata,395418,1295881.9,27.13223141,2.575323865,1,4,5
395421,BERWICK RETIREMENT VILLAGE NRS,240,138.2,N,1,PA,Columbia,395421,1541617.76,22.96590909,2.483225329,1,6,4
395422,PENNKNOLL VILLAGE,133,119.5,N,2,PA,Bedford,395422,1409314.44,27.2406015,2.282023121,5,6,9
395423,FORBES CENTER FOR REHAB AND HEALTHCARE LLC,187,80.2,N,1,PA,Allegheny,395423,1413941.1,28.66923077,4.118624203,0,8,3
395425,DEER MEADOWS REHABILITATION CENTER,206,195.7,N,3,PA,Philadelphia,395425,5442328.07,28.27595628,3.301517031,9,6,9
395426,"PREMIER AT PERRY VILLAGE FOR NURSING AND REHAB, LL",123,93.1,N,1,PA,Perry,395426,601420.58,26.40322581,2.174402181,2,2,6
395427,LUTHERAN HOME AT HOLLIDAYSBURG,89,77.8,N,2,PA,Blair,395427,942443.74,20.5049505,2.454108566,6,3,0
395428,"PREMIER AT SUSQUEHANNA FOR NURSING AND REHAB, LLC",194,157.5,N,1,PA,Dauphin,395428,977435.63,20.3,2.502166468,8,6,2
395429,MANORCARE HEALTH SERVICES-BETHLEHEM (2021),227,208.8,N,4,PA,Lehigh,395429,1828919.78,20.77570094,2.996541268,9,4,6
395430,DUBOIS NURSING HOME,140,124.7,N,3,PA,Clearfield,395430,1825306.68,27.35828877,3.209487316,2,6,5
395431,MAJESTIC OAKS REHABILITATION AND NURSING CENTER,180,158.1,N,2,PA,Bucks,395431,2270563.16,30.2122905,2.878959253,1,8,5
395432,TWINING HALL,82,46.2,N,4,PA,Bucks,395432,2231652.44,19.86879433,2.656624268,7,7,2
395433,"GARDENS AT TUNKHANNOCK, THE",124,110.2,N,2,PA,Wyoming,395433,1107070.19,21.61481482,2.612258357,6,9,5
395434,MT LEBANON REHABILITATION AND WELLNESS CENTER,121,106.4,N,4,PA,Allegheny,395434,793477.81,29.25,3.290044608,7,3,0
395435,WESTMORELAND MANOR,408,386.6,N,2,PA,Westmoreland,395435,1149129.23,24.73076923,2.620999608,2,3,0
395436,HICKORY HOUSE NURSING HOME,110,98.5,N,4,PA,Chester,395436,2559336.08,21.73180077,2.589133368,9,6,7
395437,LEBANON VALLEY BRETHREN HOME,100,80.9,N,5,PA,Lebanon,395437,399973.09,20.1754386,2.315911654,6,7,8
395438,SPIRITRUST LUTHERAN THE VILLAGE AT SHREWSBURY,100,88.7,N,3,PA,York,395438,2001923.57,28.55,2.285552058,4,2,2
395439,"LUTHERAN HOME AT JOHNSTOWN, THE",63,56.5,N,1,PA,Cambria,395439,440482.88,20.58490566,2.109238372,3,4,5
395440,MANORCARE HEALTH SERVICES-CAMP HILL,123,108.8,N,2,PA,Cumberland,395440,1862890.56,22.54679803,2.741547313,4,5,3
395442,MANORCARE HEALTH SERVICES-YORK NORTH,161,148.1,N,3,PA,York,395442,2480212.54,22.00754717,2.372496986,5,0,6
395445,MESSIAH LIFEWAYS AT MESSIAH VILLAGE,184,157.1,N,4,PA,Cumberland,395445,1547435.11,20.03932584,2.238201551,9,0,2
395446,TOWNE MANOR EAST,120,110.8,N,2,PA,Montgomery,395446,926008.65,34.06153846,3.264271302,8,0,7
395448,BUCKTAIL MEDICAL CENTER,43,36.8,Y,4,PA,Clinton,395448,19209.01,7.428571429,2.028204546,3,1,8
395449,CHAPEL MANOR,238,202.8,N,2,PA,Philadelphia,395449,1786582.13,23.16574586,2.877342024,3,4,0
395451,MANORCARE HEALTH SERVICES-DALLASTOWN,202,173,N,3,PA,York,395451,2376989.55,25.58256881,2.293206028,3,8,4
395454,PARKHOUSE REHABILITATION AND NURSING CENTER,467,355.7,N,4,PA,Montgomery,395454,3904562.94,24.52571429,2.896102054,4,7,4
395456,"GARDENS AT WYOMING VALLEY, THE",120,109.3,N,1,PA,Luzerne,395456,741004.33,26.6875,3.52933986,5,9,1
395458,CLARVIEW NURSING AND REHAB CEN,120,81.2,N,2,PA,Clarion,395458,1339671.4,25.95092025,2.161322889,1,6,2
395459,CRESTVIEW CENTER,180,165.4,N,3,PA,Bucks,395459,2909451.66,21.71212121,2.71680226,5,1,6
395460,CHRIST THE KING MANOR,160,146.6,N,1,PA,Clearfield,395460,1892336.81,24.87317073,2.45941667,5,6,1
395461,TUCKER HOUSE NURSING AND REHABILITATION CENTER,180,160.4,N,4,PA,Philadelphia,395461,2246671.87,22.42364532,3.804737549,6,5,6
395462,BROOKMONT HEALTHCARE CENTER LLC,119,110.6,N,2,PA,Monroe,395462,3233740.5,22.57267442,2.693596919,1,3,6
395464,WEATHERWOOD HEALTHCARE AND REHABILITATION  CENTER,200,190.9,N,1,PA,Carbon,395464,2631206.74,26.1779661,2.369653,6,4,0
395465,CEDARBROOK SENIOR CARE AND REHABILITATION,670,619.3,N,5,PA,Lehigh,395465,3086520.12,19.045,2.65033316,6,0,2
395466,MILFORD HEALTHCARE AND REHABILITATION CENTER,80,77.1,N,1,PA,Pike,395466,1866362.2,25.9659864,2.313427146,4,6,8
395467,CATHEDRAL VILLAGE,133,102.1,N,4,PA,Philadelphia,395467,3582732.62,21.36467237,2.10448499,6,6,7
395469,ELIZABETH MANOR HEALTHCAREANDREHABILITATION CENTER,73,67.5,N,2,PA,Lancaster,395469,1174264.03,30.94949495,3.118952846,7,0,8
395471,PREMIER ARMSTRONG REHABILITATION AND NURSING FAC,115,92.1,N,3,PA,Armstrong,395471,569472.73,21.6,2.608263993,5,2,9
395472,MANORCARE HEALTH SERVICES-LEBANON,159,148.5,N,5,PA,Lebanon,395472,1323446.21,26.80620155,2.613754446,0,4,4
395473,PENNSWOOD VILLAGE,53,51.8,N,5,PA,Bucks,395473,300542.07,22.48571429,1.698605172,9,8,2
395474,ELMWOOD GARDENS OF PRESBYERIAN SENIORCARE,51,44.5,N,5,PA,Erie,395474,623690.1,21.65,2.312641258,0,6,6
395475,HOMELAND CENTER,95,93,N,5,PA,Dauphin,395475,658811.73,35.92156863,2.747132897,8,2,3
395476,GRACEDALE - NORTHAMPTON COUNTY,688,664.6,N,2,PA,Northampton,395476,4018744.45,22.38266385,2.911568856,1,7,2
395477,MANORCARE HEALTH SERVICES-LAURELDALE,198,175.4,N,4,PA,Berks,395477,3105584.31,29.01481482,2.514448327,5,2,9
395478,PHILADELPHIA NURSING HOME,402,354.6,N,2,PA,Philadelphia,395478,908281.61,19.15079365,3.199147281,8,9,3
395479,GWYNEDD HEALTHCARE AND REHABILITATION CENTER,181,173.2,N,5,PA,Montgomery,395479,1128976.56,26.72649573,2.116034849,1,5,0
395480,MAHONING VALLEY NURSING AND RE,142,125.8,N,2,PA,Carbon,395480,2306132.88,35.19886364,2.556842511,0,7,0
395481,HILLCREST CENTER,180,166.5,N,3,PA,Montgomery,395481,1122971.2,25.2962963,3.212779457,9,3,6
395482,NURSING AND REHABILITATION AT THE MANSION,70,64.5,N,5,PA,Northumberlnd,395482,551092,27.75471698,2.343278455,8,9,3
395483,REGINA COMMUNITY NURSING CENTE,121,112.1,N,5,PA,Montgomery,395483,364385.69,41.42857143,1.942694084,5,7,6
395484,KADIMA REHABILITATION & NURSING AT LUZERNE,37,33.2,N,2,PA,Luzerne,395484,561616.93,24.75409836,2.820876667,1,2,5
395485,POWERBACK REHABILITATION 1526 LOMBARD STREET,150,131.4,N,3,PA,Philadelphia,395485,7747424.41,17.94326241,2.779565224,9,9,9
395489,CORRY MANOR,121,107.5,N,2,PA,Erie,395489,1462355.58,26.45402299,2.895014259,7,4,5
395490,WILLOWBROOKE COURT-SOUTHAMPTON,120,108.2,N,5,PA,Bucks,395490,940671.17,24.08737864,2.165940023,3,0,4
395491,"PLEASANT VALLEY MANOR, INC",174,159.1,N,1,PA,Monroe,395491,2528085.78,27.07305936,2.556294198,4,6,7
395492,WILLOWBROOKE COURT SKD CARE CENTER AT LIMA ESTATES,60,57.8,N,3,PA,Delaware,395492,546699.43,28.54901961,1.777262821,7,3,4
395493,JULIA RIBAUDO EXTENDED CARE CENTER,120,96.6,N,1,PA,Wayne,395493,1516195.95,23.56493507,2.680829757,1,1,2
395494,SLATE BELT HEALTH & REHABILITATION CENTER,126,102.5,N,4,PA,Northampton,395494,3031472.74,27.80714286,2.432104729,3,4,4
395495,WILLOWBROOKE COURT-SPRING HOUS,96,90.4,N,5,PA,Montgomery,395495,611663.2,16.91954023,1.866025892,5,1,3
395496,WILLOWBROOKE CTSKDCARECTR AT FORTWASHINGTONESTATES,40,39.2,N,5,PA,Montgomery,395496,175537.87,17.875,2.039885298,6,5,0
395497,"COMMUNITY AT ROCKHILL, THE",90,62.5,N,5,PA,Bucks,395497,2091259.87,27.17647059,2.176412607,3,5,4
395498,WESLEY ENHANCED LIVING MAIN LINE REHAB AND SKD NSG,60,50.2,N,4,PA,Delaware,395498,458081.26,20.63076923,2.255974313,8,2,6
395499,TREMONT HEALTH & REHABILITATION CENTER,180,163.3,N,4,PA,Schuylkill,395499,2369717.53,32.26341463,2.582863475,6,3,6
395500,TWIN LAKES REHABILITATION AND HEALTHCARE CENTER,137,94.7,N,1,PA,Westmoreland,395500,1185603.79,31.56321839,2.763730979,3,8,7
395502,OAKWOOD HEIGHTS OF PRESBYTERIAN SENIORCARE,106,97.8,N,5,PA,Venango,395502,1199914.09,31.66346154,2.041910722,2,2,0
395506,KADIMA REHABILITATION & NURSING AT PALMYRA,39,32.9,N,5,PA,Lebanon,395506,327203.22,31.29411765,3.347222016,7,9,3
395507,ELM TERRACE GARDENS,72,67.9,N,5,PA,Montgomery,395507,1340268.63,29.78571429,2.274106602,2,2,4
395509,DRESHER HILL HEALTH & REHABILITATION CENTER,118,95.7,N,3,PA,Montgomery,395509,1334512.53,28.82407407,2.649076496,9,2,0
395510,GROVE MANOR,59,56.1,N,5,PA,Mercer,395510,532279.43,34.95744681,2.863146413,9,4,5
395512,MANORCARE HEALTH SERVICES-SUNBURY,126,116.2,N,3,PA,Northumberlnd,395512,1228276.44,31.06730769,2.879345032,4,7,9
395514,MAYBROOK HILLS REHABILITATION AND HEALTHCARE CENTE,240,199.2,N,3,PA,Blair,395514,1689612.57,25.86624204,3.628574498,4,7,6
395515,WILLOWCREST,44,34.4,N,3,PA,Philadelphia,395515,1869573.49,17.61607143,3.883109921,1,5,7
395518,COURTYARD GARDENS NURSING AND REHAB CTR,102,84.5,N,2,PA,Dauphin,395518,968378.87,24.48,2.332122334,4,5,4
395519,GREEN MEADOWS NURSING & REHABILITATION CENTER,184,140.8,N,1,PA,Chester,395519,2566173.57,29.33333333,3.57853648,9,9,0
395520,WESLEY ENHANCED LIVING - DOYLESTOWN,60,55.2,N,5,PA,Bucks,395520,612943.64,21.75675676,2.155244624,0,1,3
395521,LANGHORNE GARDENS HEALTH & REHABILITATION CENTER,120,102.6,N,3,PA,Bucks,395521,1677985.69,21.24277457,3.424754242,8,3,6
395524,"GROVE AT NEW CASTLE, THE",62,55.3,N,4,PA,Lawrence,395524,269667.49,20.63888889,2.21806746,9,3,2
395525,IVY HILL REHAB CENTER,145,119.5,N,3,PA,Philadelphia,395525,2790048.5,24.57034221,3.595886444,7,5,5
395526,CHARLES M. MORRIS NURSING AND,159,115.6,N,4,PA,Allegheny,395526,2348325.75,22.8129771,2.498383233,6,7,9
395527,MANORCARE HEALTH SERVICES-BETHLEHEM (2029),217,200.8,N,4,PA,Lehigh,395527,2377446.11,29.02272727,3.157742002,3,2,5
395530,PRESBYTERIAN HOMES-PRESBY,67,63.5,N,4,PA,Blair,395530,1412992.22,24.4921875,2.569019829,2,9,2
395533,WINDY HILL VILLAGE OF PRESBYTERIAN HOMES,120,110.7,N,3,PA,Centre,395533,1209432.8,20.5530303,2.893269266,7,7,0
395534,QUALITY LIFE SERVICES - SARVER,66,60.1,N,5,PA,Butler,395534,471814.53,29.53658537,3.107297414,0,5,9
395535,LAUREL SQUARE HEALTHCARE AND REHABILITATION CENTER,87,82.9,N,5,PA,Philadelphia,395535,981631.25,37.74193548,3.581739084,0,2,4
395536,EDISON MANOR NURSING & REHABILITATION CENTER,118,87.6,N,5,PA,Lawrence,395536,872776.42,22.47619048,3.153151082,8,2,4
395537,GLENDALE UPTOWN HOME,240,212.3,N,1,PA,Philadelphia,395537,2044405.4,23.61904762,3.627274958,4,2,0
395538,"CHESWICK REHABILITATION AND WELLNESS CENTER, LLC",121,102.8,N,1,PA,Allegheny,395538,495141.81,24.38095238,3.553017742,4,9,6
395539,SAINT ANNE HOME,155,107.8,N,2,PA,Westmoreland,395539,991071.8,20.92105263,2.348468156,5,4,4
395540,MANORCARE HEALTH SERVICES-EASTON,227,215.5,N,3,PA,Northampton,395540,3919119.8,20.80318092,2.941812149,7,8,8
395541,MANORCARE HEALTH SERVICES-SINKING SPRING,214,192.5,N,4,PA,Berks,395541,2145280.03,28.04950495,2.61605538,8,7,7
395542,MOUNTAIN TOP HEALTHCARE AND REHABILITATION  CENTER,106,100.5,N,3,PA,Luzerne,395542,1446616.32,25.46153846,2.473681403,8,0,4
395545,PAPERMILL ROAD NURSING AND REHABILITATION CENTER,129,108.6,N,2,PA,Montgomery,395545,324238.22,32.55172414,2.813792522,8,2,5
395549,SHERWOOD OAKS,43,36.2,N,5,PA,Butler,395549,343135.65,21.1875,2.455128444,8,1,6
395550,DR ARTHUR CLIFTON MCKINLEY CTR,90,81.2,N,2,PA,Jefferson,395550,1511167.07,27.34640523,2.21693266,0,3,8
395552,BETHLEN HM OF THE HUNGARIAN RF,96,88.9,N,3,PA,Westmoreland,395552,855174.79,18.33050848,2.052156604,5,2,3
395554,FOREST CITY NURSING AND REHAB CENTER,132,101.3,N,4,PA,Susquehanna,395554,1190701.18,29.875,2.177624527,5,6,1
395555,PENNSBURG MANOR,120,110.3,N,5,PA,Montgomery,395555,2563059.49,36.6918239,2.820105425,9,7,2
395556,SHENANDOAH MANOR NURSING CENTE,124,114.3,N,4,PA,Schuylkill,395556,1277989,27.91735537,2.446268092,3,9,7
395557,DOCK TERRACE,72,69,N,5,PA,Montgomery,395557,597790.41,17.0125,1.777441585,3,1,3
395558,ST MONICA CENTER FOR REHABILITATION & HEALTHCARE,180,168.9,N,1,PA,Philadelphia,395558,4715328.5,20.03782506,2.961847948,4,9,9
395559,"MENNONITE HOME, THE",188,169.2,N,5,PA,Lancaster,395559,1345588.17,25.47945206,1.824212885,5,0,6
395560,MASONIC VILLAGE AT ELIZABETHTOWN,453,423.2,N,5,PA,Lancaster,395560,2874305.23,19.7394958,2.312074173,4,3,8
395561,REFORMED PRESBYTERIAN HOME,58,37.5,N,5,PA,Allegheny,395561,289114.33,27.42857143,1.950679492,7,3,6
395562,TEL HAI RETIREMENT COMMUNITY,139,119.7,N,5,PA,Chester,395562,2449447.44,23.06299213,2.322867132,7,0,1
395563,MORRISONS COVE HOME,124,112.9,N,3,PA,Blair,395563,769976.55,24.27777778,2.314223299,0,9,7
395564,RIVERSIDE REHABILITATION AND NURSING CENTER,161,139.6,N,1,PA,Lackawanna,395564,2627433.63,32.87892377,2.752422288,7,5,1
395566,HIGHLAND MANOR REHABILITATION AND NURSING CENTER,120,109.9,N,2,PA,Luzerne,395566,2216131.42,26.31797235,2.624034545,5,7,0
395567,DUNMORE HEALTH CARE CENTER,92,84.9,N,1,PA,Lackawanna,395567,841823.13,21.93684211,2.922229772,0,1,9
395568,JULIA POUND CARE CENTER,131,124.9,N,3,PA,Indiana,395568,1475606.79,19.69897959,2.688062505,8,2,9
395569,HILLSDALE PARK REHAB CENTER,74,65.7,N,1,PA,Indiana,395569,1220401.61,36.71428571,2.739221203,1,8,2
395570,MILTON REHABILITATION AND NURSING CENTER,138,114.8,N,2,PA,Northumberlnd,395570,1056707.11,22.73809524,2.807030664,0,0,0
395571,SUSQUEHANNA HEALTH SKILLED NURSING & REHABILITATIO,138,124.4,Y,4,PA,Lycoming,395571,1225061.13,30.54545455,2.574042525,2,3,2
395572,FAIRVIEW MANOR,121,111.7,N,5,PA,Erie,395572,1042937.01,23.2919708,2.650589529,8,0,8
395574,BELLE HAVEN HEALTHCARE AND REHABILITATION CEN,59,53.9,N,3,PA,Bucks,395574,1084705.88,27.73404255,3.16852185,9,4,9
395575,"GARDENS AT STEVENS, THE",82,76.5,N,4,PA,Lancaster,395575,1314766.04,19.96103896,2.513301842,7,0,8
395577,PREMIER WASHINGTON REHABILITATION AND NURSING CTR,288,231.3,N,5,PA,Washington,395577,1507786.13,21.40588235,2.075141328,3,0,9
395581,ST LUKES VILLA,50,44,N,4,PA,Luzerne,395581,665255.57,21.81690141,2.186830197,2,7,3
395582,MOUNTAIN CITY NURSING & REHABILITATION CENTER,297,265.3,N,1,PA,Luzerne,395582,4535734.64,34.72658228,2.760988476,7,8,2
395585,TRANSITIONS HEALTHCARE NORTH HUNTINGDON,120,109,N,2,PA,Westmoreland,395585,1264569.96,22.80821918,2.933574922,4,9,0
395586,BRADFORD COUNTY MANOR,200,159.6,N,1,PA,Bradford,395586,1940399.24,25.05284553,2.627655015,7,3,1
395587,MEADOWS NURSING AND REHABILITATION CENTER,130,121.9,N,4,PA,Luzerne,395587,2694034.88,23.75268817,2.218485299,8,4,9
395588,PARK AVENUE REHAB CENTER,173,115.5,N,1,PA,Crawford,395588,1729339.06,37.49206349,2.571047193,0,1,4
395589,MOUNT CARMEL NURSING AND REHAB,121,114.4,N,2,PA,Northumberlnd,395589,1651082.26,29.46,2.741417708,3,0,0
395590,KADIMA REHABILITATION & NURSING AT LITITZ,42,36.6,N,3,PA,Lancaster,395590,1019647.48,20,2.711529529,3,0,0
395591,LUTHER CREST NURSING FACILITY,60,57.7,N,5,PA,Lehigh,395591,1729647.95,20.57425743,2.381860897,1,6,3
395592,HAIDA HEALTHCARE AND REHABILITATION CENTER,98,86.9,N,1,PA,Cambria,395592,1060221.1,28.20792079,2.413365198,6,3,3
395593,QUALITY LIFE SERVICES - GROVE CITY,109,89.9,N,2,PA,Mercer,395593,427736.34,22.8627451,2.642162,6,3,4
395594,OIL CITY HEALTHCARE AND REHABILITATION CENTER,95,84.6,N,5,PA,Venango,395594,1242519.31,27.14728682,2.672897858,3,6,6
395595,"BELVEDERE CENTER, GENESIS HEALTHCARE, THE",150,133.3,N,3,PA,Delaware,395595,854958.08,24.39240506,3.515272527,3,1,3
395596,BRIDGEVILLE REHABILITATION & CARE CENTER,194,156.7,N,3,PA,Allegheny,395596,2708673.1,23.099631,2.327278119,2,2,1
395597,PICKERING MANOR HOME,47,41.9,N,5,PA,Bucks,395597,520200.14,25.45283019,2.288854651,3,4,1
395599,BLOUGH HEALTH CARE CENTER INC,44,16.1,N,5,PA,Northampton,395599,1156117.26,23.20869565,2.351419828,7,2,6
395602,WESLEY VILLAGE,183,176.9,N,4,PA,Luzerne,395602,2626306.46,28.72803347,2.1733222,0,5,4
395603,CARING HEIGHTS COMMUNITY CARE & REHAB CTR,120,108.4,N,5,PA,Allegheny,395603,783275.8,26.04109589,3.01528523,9,6,9
395604,GREENSBURG CARE CENTER,120,101.8,N,2,PA,Westmoreland,395604,653046.52,24.09722222,2.941391834,7,2,2
395605,ST BARNABAS NURSING HOME,172,86.9,N,2,PA,Allegheny,395605,1141159.37,25.04807692,2.122631121,6,4,6
395606,JOHN J KANE REGIONAL CENTER-RO,240,197.4,N,2,PA,Allegheny,395606,241439.88,29.75,2.707437159,8,6,2
395607,SHIPPENVILLE HEALTHCARE AND REHABILITATION CENTER,120,79.7,N,4,PA,Clarion,395607,814733.21,28.53333333,2.581769861,3,5,7
395609,ROUSE WARREN COUNTY HOME,176,163.7,N,4,PA,Warren,395609,1344049.34,33.26548673,2.151371365,2,2,8
395610,RICHLAND HEALTHCARE AND REHABILITATION CENTER,97,91.7,N,2,PA,Cambria,395610,1668407.33,25.73056995,2.766173152,3,7,0
395612,SPIRITRUST LUTHERAN THE VILLAGE AT SPRENKLE DRIVE,104,97.5,N,2,PA,York,395612,1903682.97,28.38953488,2.011300987,8,6,2
395613,FALLING SPRING NURSING AND REHABILITATION CENTER,186,158,N,1,PA,Franklin,395613,3603138.82,32.70292887,2.779405775,2,0,9
395614,ROLLING HILLS HEALTHCARE AND REHABILITATION CENTER,57,55.4,N,3,PA,Union,395614,423390.3,22.91836735,3.167894841,0,9,7
395616,"SUSQUE VIEW HOME, INC",146,131.8,N,2,PA,Clinton,395616,1071440.44,25.12871287,2.402654722,5,5,1
395617,JOHN J KANE REGIONAL CENTER-SC,311,267,N,5,PA,Allegheny,395617,626768.01,19.13483146,2.347728331,0,6,1
395618,MULBERRY HEALTHCARE AND REHABILITATION CENT,75,60.2,N,1,PA,Jefferson,395618,898414.7,26.86206897,2.466884995,8,2,2
395619,"ROLLING FIELDS, INC",181,156.5,N,4,PA,Crawford,395619,646467.02,28.25714286,2.022958138,2,7,5
395620,WEST HILLS HEALTH AND REHABILITATION CENTER,150,134.2,N,4,PA,Allegheny,395620,1834584.89,29.50326797,2.44616071,1,5,5
395621,ST MARY CENTER FOR REHABILITATION & HEALTHCARE,120,103.6,N,3,PA,Montgomery,395621,2254432.76,22.5645933,2.677523331,9,7,6
395623,GRANDVIEW NURSING AND REHABILITATION,172,159.3,N,2,PA,Montour,395623,1069085.48,18.55214724,3.169907287,4,8,2
395624,ROLLING MEADOWS,121,105.8,N,5,PA,Greene,395624,1247880.74,22.21232877,2.590266897,1,1,6
395626,JEFFERSON MANOR HEALTH CENTER,160,96.4,N,3,PA,Jefferson,395626,1402581.51,26.48979592,2.237459599,1,2,7
395627,FAIRLANE GARDENS NURSING AND REHAB AT READING,124,92.3,N,2,PA,Berks,395627,1157469.29,27.96296296,3.063424846,1,1,0
395628,RENAISSANCE HEALTHCARE & REHABILITATION CENTER,123,116.5,N,5,PA,Philadelphia,395628,3021055.75,35.44047619,3.318876816,8,7,7
395629,MT MACRINA MANOR,139,117.1,N,4,PA,Fayette,395629,1673572.57,29.07272727,2.310658297,9,7,4
395631,UNITED ZION RETIREMENT COMMUNI,59,50.2,N,3,PA,Lancaster,395631,576741.68,29.62962963,2.053967262,9,9,6
395633,HAVENCREST HEALTHCARE AND REHABILITATION CENTER,48,37,N,2,PA,Washington,395633,1004986.18,22.07692308,3.033386859,8,7,5
395634,SOUDERTON MENNONITE HOMES,71,62.9,N,5,PA,Montgomery,395634,732575.65,20.47435897,2.003888258,3,8,0
395636,"MANOR AT ST LUKE VILLAGE,THE",104,92.8,N,2,PA,Luzerne,395636,2091206.93,34.12365591,2.662950718,9,3,2
395638,MASONIC VILLAGE AT SEWICKLEY,128,125.8,N,4,PA,Allegheny,395638,628255.57,23.71232877,1.956037582,5,1,4
395640,JOHN J KANE REGIONAL CENTER-MC,360,240.3,N,2,PA,Allegheny,395640,750922.53,25.94680851,3.714059806,2,8,8
395643,JOHN J KANE REGIONAL CENTER-GL,255,217.8,N,4,PA,Allegheny,395643,175890.7,23.63636364,4.268524133,0,6,8
395644,MID-VALLEY HEALTH CARE CENTER,38,34.9,N,2,PA,Lackawanna,395644,1214509.01,22.11904762,2.466744837,9,6,6
395645,EDINBORO MANOR,121,108.8,N,4,PA,Erie,395645,680789.45,26.82894737,2.28290361,1,8,8
395646,OAK HILL HEALTHCARE AND REHABILITATION CENTER,48,38.3,N,1,PA,Westmoreland,395646,577976.3,24.6440678,2.165325482,0,1,2
395647,SPIRITRUST LUTHERAN THE VILLAGE AT GETTYSBURG,100,77.3,N,3,PA,Adams,395647,2142395.37,21.57407407,2.351881594,6,2,2
395648,PETER BECKER COMMUNITY,72,67.5,N,5,PA,Montgomery,395648,1146770.69,22.25,2.028480707,2,7,6
395650,WARREN MANOR,121,102.9,N,3,PA,Warren,395650,1739087.96,25.63451777,2.343342049,8,5,7
395651,BIRCHWOOD NURSING AND REHABILITATION CENTER,121,110,N,3,PA,Luzerne,395651,2361548.09,23.63967611,2.302047902,9,9,5
395652,RIDGEVIEW HEALTHCARE AND REHABILITATION CENTER,131,112.8,N,1,PA,Clearfield,395652,1680611.98,26.44047619,2.703781105,6,3,1
395653,WOODHAVEN CARE CENTER,120,101,N,4,PA,Allegheny,395653,1125359.54,29.89423077,3.483591486,0,3,8
395654,BONHAM NURSING CENTER,77,68.8,N,3,PA,Columbia,395654,759742.02,38.67857143,2.245757902,7,3,3
395656,FREDERICK LIVING - CEDARWOOD,61,52.7,N,5,PA,Montgomery,395656,1118433.78,23.0619469,2.042456746,1,9,7
395660,CLAREMONT NRC OF CUMBERLAND CO,282,264,N,5,PA,Cumberland,395660,2351211.93,26.59615385,2.44270813,1,5,7
395661,MEYERSDALE HEALTHCARE AND REHABILITATION CENTER,99,68.6,N,1,PA,Somerset,395661,345355.61,22.85714286,2.437315236,7,5,8
395662,"SPRINGS AT THE WATERMARK, THE",109,85.3,N,3,PA,Philadelphia,395662,6007815.82,23.52281369,2.49347341,9,3,1
395665,WILLOWBROOKE CTSKDCARECTR ATNORMANDY FARMS ESTATES,73,56.4,N,5,PA,Montgomery,395665,449981.25,16.375,2.096994197,0,6,1
395666,MANORCARE HEALTH SERVICES-NORTHSIDE,100,90.5,N,3,PA,Allegheny,395666,536845.14,27.40384615,3.760823385,7,3,9
395670,MONROEVILLE REHABILITATION AND WELLNESS CENTER,120,111.5,N,3,PA,Allegheny,395670,982040.43,25.20792079,2.747576375,7,7,1
395671,SOUTHMONT OF PRESBYTERIAN SENIORCARE,155,143,N,5,PA,Washington,395671,1884736.35,23.55744681,2.385593514,7,0,7
395672,"VILLAGE AT LUTHER SQUARE, THE",110,88.6,N,2,PA,Erie,395672,420826.99,25.14285714,3.39646556,9,9,0
395674,UNIONTOWN HEALTHCARE AND REHABILITATION CENTER,120,111,N,3,PA,Fayette,395674,1365277.12,26.91935484,2.804746472,0,4,0
395675,WAYNESBURG HEALTHCARE AND REHABILITATION CENTER,111,91.2,N,4,PA,Greene,395675,784217.13,22.85106383,2.603449255,5,7,0
395677,SARAH A TODD MEMORIAL HOME,117,109.1,N,2,PA,Cumberland,395677,776462.98,26.90277778,2.356915855,2,3,3
395678,"WILLIAMSPORT HOME, THE",129,123.2,N,5,PA,Lycoming,395678,2758782.14,25.05,1.95418473,6,3,0
395679,"GROVE AT WASHINGTON, THE",74,69.7,N,4,PA,Washington,395679,416276.8,27.79069767,2.951339789,6,6,4
395680,KUTZTOWN MANOR,140,134.1,N,5,PA,Berks,395680,1021302.07,32.13793103,2.09913264,1,9,5
395681,COUNTRYSIDE CHRISTIAN COMMUNITY,33,30.7,N,5,PA,Lebanon,395681,144858.81,33.84615385,3.120628157,0,9,9
395682,PROVIDENCE CARE CENTER,180,166.4,N,4,PA,Beaver,395682,1161656.89,23.26896552,2.144805494,6,5,5
395683,HIGHLANDS HEALTHCARE AND REHABILITATION CENTER,120,113.3,N,5,PA,Sullivan,395683,628974.95,23.66666667,2.287671212,7,9,7
395684,CONCORDIA LUTHERAN HEALTH AND HUMAN CARE,142,137.3,N,4,PA,Butler,395684,2134470.51,17.94007491,1.95064979,9,7,6
395685,MANORCARE HEALTH SERVICES - WALLINGFORD,193,169.9,N,2,PA,Delaware,395685,2002990.08,20.26395939,3.15289062,4,1,3
395686,ST IGNATIUS NURSING & REHAB CENTER,176,162.1,N,4,PA,Philadelphia,395686,1654341.42,23.67361111,3.207037461,4,5,9
395687,YORK NURSING AND REHABILITATION CENTER,240,218.5,N,3,PA,Montgomery,395687,2603496.68,25.55947137,4.159232222,5,2,3
395688,FRIENDSHIP VILLAGE OF SOUTH HI,89,84.1,N,5,PA,Allegheny,395688,349528.38,25.91891892,1.86571875,7,2,6
395690,HARLEE MANOR NURSING AND REHABILITATION CENTER,100,63.6,N,1,PA,Delaware,395690,3289666.49,20.34269663,2.341665809,6,9,5
395691,RIVERSTREET MANOR,122,116.1,N,3,PA,Luzerne,395691,2273432.34,31.63874346,2.371685647,6,1,6
395692,TRANSITIONS HEALTHCARE WASHINGTON PA,120,103.9,N,1,PA,Washington,395692,1031111.17,20.80916031,2.940147116,2,9,4
395695,GREENERY CENTER FOR REHAB AND NURSING,140,92.4,N,2,PA,Washington,395695,569437.82,28.89655172,3.345483472,0,5,0
395697,WOODLAND PARK REHAB CENTER,125,100.5,N,2,PA,Huntingdon,395697,1587440.19,25.0239521,2.889892093,9,1,9
395698,MEADOWCREST HEALTHCARE AND REHABILITATION CENTER,50,42.3,N,3,PA,Allegheny,395698,286585.16,18.15,2.224548387,8,7,2
395699,SWEDEN VALLEY MANOR,121,100.5,N,4,PA,Potter,395699,891717.51,24.77,2.003208458,5,4,0
395700,BRADFORD MANOR,115,97.7,N,4,PA,Mc Kean,395700,1041967.02,27.69158879,2.352901498,2,9,8
395701,ABINGTON MANOR,119,108.1,N,2,PA,Lackawanna,395701,1886773.73,25.22119816,2.38960648,3,1,8
395702,"BEACON RIDGE, A CHOICE COMM",118,88.1,N,2,PA,Indiana,395702,883854.88,20.26785714,2.591557661,5,1,2
395704,"LAFAYETTE-REDEEMER, THE",120,119.2,N,4,PA,Philadelphia,395704,2384402.81,16.08928571,2.23710792,2,1,4
395705,HEMPFIELD MANOR,120,108.1,N,3,PA,Westmoreland,395705,1102737.58,23.9338843,2.603680444,1,6,3
395706,"GARDENS AT EAST MOUNTAIN, THE",120,109.5,N,2,PA,Luzerne,395706,1518605.72,22.14583333,2.513854325,8,8,9
395707,CLARION HEALTHCARE AND REHABILITATION CENTER,83,40.5,N,5,PA,Clarion,395707,759363.98,27.83116883,2.588038539,7,1,5
395708,"GARDENS FOR MEMORY CARE AT EASTON, THE",115,108.1,N,3,PA,Northampton,395708,276523.13,25.7037037,1.814369565,9,9,2
395710,ATTLEBORO NURSING AND REHAB CE,179,165.7,N,5,PA,Bucks,395710,3868219.19,27.67278288,2.58238729,3,2,0
395711,ELKINS CREST HEALTH & REHABILITATION CENTER,150,121.7,N,1,PA,Montgomery,395711,1475163.79,22.08695652,3.133940358,9,3,6
395712,CARLETON HEALTHCARE AND REHABILITATION CENTER,26,20.5,N,4,PA,Tioga,395712,577192.89,29.48148148,3.228067958,4,9,1
395713,WILLOWS OF PRESBYTERIAN SENIOR,193,182.3,N,5,PA,Allegheny,395713,1632951.74,20.85777778,1.992683302,9,8,1
395715,WESLEY  ENHANCED LIVING AT STAPELEY,120,116,N,5,PA,Philadelphia,395715,1274713.76,18.66666667,3.088667863,2,5,0
395716,SMITH HEALTH CARE LTD,37,36.4,N,3,PA,Luzerne,395716,664963.33,27.28378378,2.120738195,2,4,8
395717,LINWOOD NURSING AND REHABILITATION CENTER,102,54.4,N,4,PA,Lackawanna,395717,1347686.93,30.1440678,2.908412502,5,6,7
395718,WAVERLY HEIGHTS,49,40.7,N,5,PA,Montgomery,395718,962737.07,30.31578947,2.162462396,8,0,8
395719,RIVERSIDE CARE CENTER,120,107.8,N,3,PA,Allegheny,395719,696895.5,29.71428571,3.90452415,0,6,2
395720,"HOMESTEAD VILLAGE, INC",60,51.9,N,5,PA,Lancaster,395720,1058990.04,33.62195122,2.670478,7,9,3
395721,"PARAMOUNT NURSING AND REHAB AT FAYETTEVILLE, LLC",92,80.3,N,2,PA,Franklin,395721,2121873.87,24.42328042,2.168931029,2,7,2
395722,RESTORE HEALTH AT UNIVERSITY CITY,124,101.5,N,4,PA,Philadelphia,395722,1465444.88,18.01485149,2.986123133,2,3,2
395726,HARMON HOUSE CARE CENTER,109,103.3,N,1,PA,Westmoreland,395726,930226.68,26.13541667,2.566196262,0,5,2
395728,SNYDER MEMORIAL HEALTH CARE CE,100,93.7,N,4,PA,Forest,395728,640142.49,24.47142857,2.270077044,2,3,5
395729,"GARDENS AT EASTON, THE",181,171.8,N,5,PA,Northampton,395729,1003694.66,27.71568628,3.78595519,1,5,8
395730,KADIMA REHABILITATION & NURSING AT LAKESIDE,31,29.6,N,5,PA,Luzerne,395730,393892.16,30.52941177,2.031357143,5,1,9
395731,MANORCARE HEALTH SERVICES-BETHEL PARK,160,138.5,N,4,PA,Allegheny,395731,1496289.62,22.22751323,3.286857968,9,9,6
395732,UPMC HERITAGE PLACE,143,112,N,4,PA,Allegheny,395732,1058764.71,21.68181818,2.403395875,9,8,7
395733,GETTYSBURG CENTER,118,99.7,N,2,PA,Adams,395733,2433261.74,23.24180328,2.611121967,3,7,3
395735,LIFEQUEST NURSING CENTER,140,114.8,N,4,PA,Bucks,395735,2079372.17,26.5828877,2.668470228,8,5,9
395736,WILLOWBROOKE COURT-GRANITE,82,69.4,N,5,PA,Delaware,395736,370218.63,16.6,2.00412766,1,5,4
395738,PAUL'S RUN,120,113.4,N,5,PA,Philadelphia,395738,3458690.53,23.13240418,2.563736015,8,8,3
395740,BRANDYWINE HALL,180,157.9,N,1,PA,Chester,395740,1312550.6,20.96815287,3.207736729,6,9,4
395741,RIDDLE MEMORIAL HOSP HB SNF,23,,Y,5,PA,Delaware,395741,1182321.58,10.0031348,1.682257244,3,9,8
395742,SOUTHWESTERN NURSING CARE CENTER,118,111.3,N,4,PA,Allegheny,395742,1096364.42,20.20769231,2.572265341,6,5,8
395743,MANORCARE HEALTH SERVICES-GREEN TREE,180,157,N,5,PA,Allegheny,395743,2419814.08,24.4625,2.819497861,1,1,3
395745,BALDWIN HEALTH CENTER,200,186.2,N,1,PA,Allegheny,395745,1196652.95,21.17605634,3.174881868,7,1,4
395746,MANORCARE HEALTH SERVICES-CARLISLE,150,133.3,N,2,PA,Cumberland,395746,1299878.19,27.30894309,2.988559899,5,6,8
395749,PRESBYTERIAN CTR FOR CONT CARE,25,17.3,N,3,PA,Philadelphia,395749,1003840.12,12.21081081,1.337620837,5,1,5
395751,ROCHESTER MANOR,122,98.3,N,2,PA,Beaver,395751,544617.42,20.98630137,1.820254076,1,6,5
395752,MORAVIAN HALL SQUARE HEALTH AND WELLNESS CENTER,61,56.6,N,5,PA,Northampton,395752,1126925.79,18.04,2.037801161,6,5,6
395753,BEAUMONT AT BRYN MAWR,44,39.7,N,5,PA,Delaware,395753,662685.36,23.41891892,1.998513691,3,2,5
395754,SHARON REGIONAL MEDICAL CENTER TCU,38,,N,2,PA,Mercer,395754,1207810.08,15.40160643,2.495666325,5,6,0
395756,JUNIPER VILLAGE AT BROOKLINE-REHABILITATION AND SK,116,81.6,N,3,PA,Centre,395756,922119.21,19.57943925,2.335485478,4,4,7
395757,EDGEHILL NURSING AND REHAB CEN,60,56.2,N,3,PA,Montgomery,395757,241356.02,34.05882353,2.187797619,1,2,8
395758,"GROVE AT HARMONY, THE",115,101.7,N,4,PA,Butler,395758,416841,22.59574468,2.644060175,5,1,2
395760,MANORCARE HEALTH SERVICES-ALLENTOWN,166,150.1,N,4,PA,Lehigh,395760,2200979.5,24.86055777,2.822162729,2,7,9
395762,WILLOWBROOKE COURT SKILLED CARE CENTER AT BRITTANY,92,87.7,N,5,PA,Montgomery,395762,755239.51,20.5106383,1.873569608,3,2,5
395763,FELLOWSHIP MANOR,121,116.3,N,5,PA,Lehigh,395763,2910035.11,22.93602694,2.204019081,7,3,5
395764,LIBERTY CENTER FOR REHABILITATION AND NURSING,94,77.5,N,1,PA,Philadelphia,395764,499522.59,26.69767442,2.969457156,1,3,0
395765,MARIAN MANOR CORPORATION,118,107.5,N,5,PA,Allegheny,395765,1259099.29,19.65088757,2.456323644,7,2,9
395767,ROSE VIEW NURSING AND REHABILITATION CENTER,123,107.6,N,1,PA,Lycoming,395767,2117537.7,37.07647059,2.680145226,8,0,7
395768,MEADOWOOD,59,50.9,N,5,PA,Montgomery,395768,1731231.17,24.4691358,2.248560531,8,7,2
395770,CEDAR HAVEN HEALTHCARE CENTER,324,290.3,N,4,PA,Lebanon,395770,2045210.07,28.48095238,2.874489349,1,8,2
395771,LAKESIDE AT WILLOW VALLEY,80,76,N,5,PA,Lancaster,395771,444598.57,22.91111111,1.756633556,5,5,5
395773,HIGHLAND PARK CARE CENTER,144,131,N,5,PA,Allegheny,395773,504316.26,21.46268657,2.335350103,2,8,9
395774,CONESTOGA VIEW,446,424.3,N,4,PA,Lancaster,395774,2615886.38,27.91566265,2.768314701,8,0,1
395775,SENA KEAN MANOR,152,134.2,N,4,PA,Mc Kean,395775,1431347.03,23.36969697,2.631016412,0,0,0
395777,SUGAR CREEK STATION SKILLED NURSING AND REHABILITA,148,106.9,N,4,PA,Venango,395777,828679.44,27.10126582,2.05426386,7,1,0
395778,"COMMUNITIES AT INDIAN HAVEN,",108,84,N,4,PA,Indiana,395778,1392222.89,20.07228916,2.079318535,2,3,1
395779,CENTRE CREST,240,224.4,N,1,PA,Centre,395779,1477589.52,27.39455782,2.434221052,1,1,4
395780,FAIR ACRES GERIATRIC CENTER,874,654.5,N,3,PA,Delaware,395780,3205686.23,30.51438849,2.715646807,8,6,3
395782,FAIRVIEW NURSING AND REHABILITATION CENTER,176,151.9,N,3,PA,Philadelphia,395782,1678338.2,26.64238411,2.747945526,2,9,4
395783,MANORCARE HEALTH SERVICES-PETERS TOWNSHIP,140,118.3,N,5,PA,Washington,395783,1526033.2,23.83030303,2.595169539,7,7,0
395784,"CHURCH OF GOD HOME, INC",109,85.2,N,3,PA,Cumberland,395784,1155826.38,32.13684211,2.210035407,1,0,5
395785,STONEBRIDGE HEALTH & REHABILITATION CENTER,60,47.2,N,1,PA,Perry,395785,1317466.73,40.125,2.68759809,7,0,7
395786,PLEASANT VIEW RETIREMENT COMMUNITY,133,113.4,N,5,PA,Lancaster,395786,1047354.19,26.04,1.752858333,2,2,7
395787,"VALLEY VIEW HAVEN, INC",162,147.3,N,3,PA,Mifflin,395787,1183974.17,17.37804878,2.259280126,7,8,2
395788,SUNNYVIEW NURSING AND REHABILITATION CENTER,220,211.6,N,3,PA,Butler,395788,1508889.52,24.04294479,2.487860427,0,6,1
395790,SENECA PLACE,174,136.3,N,4,PA,Allegheny,395790,1242601.87,17.27513228,2.28324255,6,3,4
395791,HARSTON HALL,120,105.9,N,3,PA,Montgomery,395791,1432320.14,28.82644628,6.821124772,2,9,3
395793,"ORCHARD MANOR, INC",121,114,N,3,PA,Mercer,395793,351887.72,23.93023256,1.786861423,8,1,3
395794,SAINT JOHN XXIII HOME,90,82.2,N,5,PA,Mercer,395794,894402.34,34.74324324,2.09143306,8,8,6
395795,"LAFAYETTE MANOR, INC",98,83.2,N,3,PA,Fayette,395795,800281.9,21.20833333,2.24500597,6,1,6
395796,MANORCARE HEALTH SERVICES-MONTGOMERYVILLE,155,127.4,N,5,PA,Montgomery,395796,1457538.16,21.76870748,2.132894661,9,2,4
395797,LANDIS HOMES,103,98.8,N,5,PA,Lancaster,395797,840764.41,21.25581395,1.939480222,4,0,7
395798,TRANSITIONS HEALTHCARE GETTYSBURG,135,127.6,N,2,PA,Adams,395798,1850747.33,29.59183674,2.080835425,4,6,0
395800,HIGHLANDS AT WYOMISSING,80,68.3,N,5,PA,Berks,395800,1139134.42,25.12396694,2.285531287,2,9,8
395801,QUADRANGLE,78,59.5,N,5,PA,Delaware,395801,4294997.35,17.38953488,2.190966765,4,3,7
395802,THORNWALD HOME,83,80.9,N,5,PA,Cumberland,395802,887488.55,41.18644068,1.777538462,8,4,0
395804,LUTHERAN COMMUNITY AT TELFORD,75,67.9,N,5,PA,Montgomery,395804,788888.27,19.64772727,2.2673125,6,3,5
395805,FAIRMOUNT HOMES,114,99.4,N,5,PA,Lancaster,395805,1183835.4,21.57534247,1.871961207,1,0,0
395806,ST ANNE'S RETIREMENT COMMUNITY,119,101.7,N,5,PA,Lancaster,395806,1075511.85,28.91150443,2.038074074,5,2,7
395812,LAURELWOOD CARE CENTER,120,102.6,N,1,PA,Cambria,395812,1177788.8,28.57017544,3.373749119,4,9,2
395815,ST MARTHA CENTER FOR REHABILITATION & HEALTHCARE,120,105.1,N,2,PA,Chester,395815,3424215.72,21.77878788,2.40047545,9,7,6
395816,"LUTHERAN HOME AT KANE, THE",90,82.9,N,3,PA,Mc Kean,395816,916431.85,34.07894737,2.17690321,7,9,7
395817,MANORCARE HEALTH SERVICES-OXFORD VALLEY,170,136.7,N,5,PA,Bucks,395817,3702438.21,19.85454546,2.596586698,5,9,7
395818,MASONIC VILLAGE AT LAFAYETTE HILL,60,57.8,N,4,PA,Montgomery,395818,312214.66,24.81818182,2.274791667,0,7,6
395819,CARING HEART REHABILITATION AND NURSING CENTER,269,229.3,N,1,PA,Philadelphia,395819,5213127.77,26.62394958,3.517621721,6,5,4
395821,LITTLE FLOWER MANOR,127,108.7,N,5,PA,Delaware,395821,2896970.84,27.77431907,2.403102758,1,9,1
395823,TOWNVIEW HEALTH AND REHABILITATION CENTER,118,94,N,4,PA,Washington,395823,618146.89,17.59782609,2.379502665,5,0,0
395824,EMMANUEL CENTER FOR NURSING,90,86.3,N,2,PA,Montour,395824,1366688.97,31.03703704,2.623560338,7,8,8
395825,WATSONTOWN REHABILITATION AND NURSING CENTER,125,99.7,N,1,PA,Northumberlnd,395825,1241207.74,22.67721519,2.825166503,1,1,2
395826,MANORCARE HEALTH SERVICES-NORTH HILLS,200,177,N,3,PA,Allegheny,395826,1505133.57,25.44078947,2.619061898,9,8,3
395827,KADIMA REHABILITATION & NURSING AT POTTSTOWN,41,36.7,N,4,PA,Montgomery,395827,551976.13,34.82926829,2.598732541,4,5,3
395828,CAMBRIA CARE CENTER,301,226.3,N,2,PA,Cambria,395828,1318165.23,21.6440678,3.723359025,0,3,3
395830,MEADOW VIEW NURSING CENTER,150,132.5,N,2,PA,Somerset,395830,533199.7,18.91566265,2.451217329,1,7,3
395831,SCHUYLKILL CENTER,190,182.8,N,5,PA,Schuylkill,395831,4302194.68,37.65993266,2.353431065,3,1,3
395832,LEBANON VALLEY HOME THE,55,51.5,N,5,PA,Lebanon,395832,664160.74,32.66037736,2.482302652,0,6,1
395833,HCC AT WHITE HORSE VILLAGE,59,53.5,N,5,PA,Delaware,395833,1482929.89,23.60629921,1.964001679,4,5,2
395834,MANORCARE HEALTH SERVICES-KING OF PRUSSIA,170,127.2,N,4,PA,Montgomery,395834,1644004.54,20.02762431,2.621464567,7,7,5
395838,FOXDALE VILLAGE,46,43.5,N,4,PA,Centre,395838,418657.42,25.36842105,2.309568145,1,1,1
395840,"PATRIOT, A CHOICE COMMUNITY THE",100,90.5,N,2,PA,Somerset,395840,937062.62,17.77272727,2.630368933,0,1,2
395842,VINCENTIAN DE MARILLAC,50,43.1,N,5,PA,Allegheny,395842,280160.38,19.07894737,1.652034946,3,5,3
395843,RIVER'S EDGE NURSING AND REHAB,120,112.8,N,5,PA,Philadelphia,395843,1451006.31,22.56375839,3.037568906,4,2,4
395844,ELIZABETHTOWN HEALTHCARE AND REHAB CENTER,45,43.2,N,2,PA,Lancaster,395844,389901.34,25.95348837,1.965366667,8,3,8
395845,CRANBERRY PLACE,150,117,N,4,PA,Butler,395845,1211490.73,24.28148148,3.064855653,0,4,1
395846,KADIMA REHABILITATION & NURSING AT CAMPBELLTOWN,53,43.5,N,5,PA,Lebanon,395846,693034.21,25.57142857,3.017471747,4,1,6
395847,FOX SUBACUTE AT CLARA BURKE,60,56.3,N,1,PA,Montgomery,395847,1182009.87,36.46551724,4.479042064,8,9,7
395848,BARCLAY FRIENDS,96,56.6,N,5,PA,Chester,395848,1772560.75,16.27459016,2.03841907,2,3,9
395850,MERCY CENTER NURSING UNIT INC,59,54,N,5,PA,Luzerne,395850,386661.96,27.7,2.144856373,5,2,8
395851,REHAB & NURSING CTR GREATER PITTSBURGH,120,99.8,N,3,PA,Westmoreland,395851,1917468.13,23.22222222,2.222650811,1,4,3
395852,CLIVEDEN NURSING AND REHABILITATION CENTER,180,163.8,N,2,PA,Philadelphia,395852,1615131.51,19.55747126,3.63168805,9,4,7
395853,CRAWFORD COUNTY CARE CENTER,157,126.5,N,2,PA,Crawford,395853,1111062.84,32.14150943,2.323664178,3,3,5
395857,EPHRATA MANOR,120,111.1,N,4,PA,Lancaster,395857,2223354.19,26.30049261,2.222609414,2,6,8
395860,LOYALHANNA CARE CENTER,120,96.8,N,1,PA,Westmoreland,395860,1396134.4,28.16296296,2.105286455,7,9,2
395861,HRH TRANSITIONAL CARE UNIT(A D/B/A ENTITY OF HRHS),21,13.8,Y,3,PA,Montgomery,395861,1479119.25,9.45483871,1.583365695,5,7,2
395864,JUNIPER VILLAGE AT BUCKS COUNTY REHAB AND SKD CARE,17,11.7,N,5,PA,Bucks,395864,558156.57,27.18604651,3.008444038,3,3,6
395865,MAPLEWOOD NURSING AND REHAB  CENTER,180,165.3,N,3,PA,Philadelphia,395865,1575252.02,18.50980392,3.349549642,3,5,6
395867,LAKEVIEW HEALTHCARE AND REHABILITATION CENTER,34,29.5,N,3,PA,Mc Kean,395867,1041145.59,34.07594937,2.025352413,9,6,7
395868,HEARTHSIDE REHAB CENTER,157,132.7,N,1,PA,Centre,395868,1836128.65,31.05696203,3.364006775,5,8,8
395869,BUTLER MEMORIAL HOSP TCF,25,24.3,Y,5,PA,Butler,395869,681057.01,9.571428571,1.941677114,5,6,9
395870,QUALITY LIFE SERVICES - MARKLEYSBURG,60,56.9,N,3,PA,Fayette,395870,125136.2,26.26666667,2.584238048,8,4,8
395872,"GARDENS AT MILLVILLE, THE",110,103.9,N,1,PA,Columbia,395872,560472.84,23.94117647,2.636241034,4,2,3
395873,LGAR HEALTH AND REHABILITATION,120,103.3,N,2,PA,Allegheny,395873,671160.43,31.87272727,1.824926191,0,6,3
395875,HOMETOWN NURSING AND REHAB CEN,150,137.6,N,2,PA,Schuylkill,395875,2145885.41,24.55084746,2.595305466,6,8,8
395876,CUMBERLAND CROSSINGS RETIREMENT COMMUNITY,58,54.5,N,3,PA,Cumberland,395876,1164820.34,26.30357143,2.71719077,7,6,4
395877,HIGHLAND VIEW HEALTHCARE AND REHABILITATION CENTER,50,41,N,1,PA,Jefferson,395877,812603.3,28.125,2.445583446,9,4,5
395878,ORWIGSBURG NURSING AND REHABILITATION  CENTER,130,107.2,N,3,PA,Schuylkill,395878,2044000.17,30.76404494,2.176940843,0,4,8
395879,QUALITY LIFE SERVICES - MERCER,48,44.3,N,4,PA,Mercer,395879,542039.81,22.58333333,2.338774924,8,0,0
395880,PHOEBE BERKS HEALTH CARE CENTE,120,95.5,N,5,PA,Berks,395880,1976026.29,14.55279503,2.232995761,9,9,4
395881,MOUNTAIN VIEW CARE AND REHABILITATION CENTER,180,166.3,N,2,PA,Lackawanna,395881,2136578.67,27.27230047,2.320839438,8,8,8
395882,LONGWOOD AT OAKMONT,60,57.1,N,5,PA,Allegheny,395882,454011.12,24.85185185,2.269773984,7,5,3
395883,VILLAGE AT PENNWOOD,126,79.3,N,3,PA,Allegheny,395883,818010.67,31.47435897,5.389990158,1,6,0
395890,SNU ARMSTRONG CO MEMORIAL HOSP,17,8.4,Y,5,PA,Armstrong,395890,309567.72,9.428571429,2.48694145,9,8,7
395891,LAUREL VIEW VILLAGE,60,56.2,N,4,PA,Somerset,395891,406551.67,22.24444444,2.218469048,9,3,7
395892,"GROVE AT LATROBE, THE",107,97.9,N,1,PA,Westmoreland,395892,473788.05,22.5,2.828726268,9,0,4
395893,CARE PAVILION NURSING AND REHABILITATION CENTER,396,366.5,N,3,PA,Philadelphia,395893,2560901.9,28.62436548,3.776552864,4,9,9
395894,MEADVILLE MEDICAL CTR TCU,32,25.1,Y,5,PA,Crawford,395894,1483102.61,15.41584158,1.933866265,1,9,4
395895,VALLEY VIEW REHAB AND NURSING CENTER,163,142.3,N,3,PA,Lycoming,395895,1581579.88,22.22289157,2.276098675,1,0,8
395896,HOMEWOOD AT MARTINSBURG PA INC,129,121.3,N,5,PA,Blair,395896,1588905.6,19.55063291,2.088106431,4,0,1
395898,HOMEWOOD AT PLUM CREEK,120,108,N,5,PA,York,395898,1211298.9,19.95683453,1.861622593,3,7,5
395899,"GARDENS AT ORANGEVILLE, THE",120,110.2,N,2,PA,Columbia,395899,701446.63,21.95555556,2.56174105,7,2,2
395901,TITUSVILLE HEALTHCARE AND REHABILITATION CENTER,77,64.9,N,4,PA,Crawford,395901,994017.68,33.01098901,2.361341076,8,4,7
395902,NORMANDIE RIDGE,64,58.3,N,2,PA,York,395902,2293892.17,34,2.361603264,7,6,6
395903,NORTH HILLS HEALTH AND REHABILITATION CENTER,55,52.4,N,5,PA,Allegheny,395903,560781.26,20.54545455,2.618746681,5,1,3
395904,SANATOGA CENTER,130,119.2,N,4,PA,Montgomery,395904,3060079.24,20.07055215,3.018987276,0,2,0
395905,KINGSTON HEALTH CARE CENTER,65,56.2,N,4,PA,Luzerne,395905,1189419.03,22.09848485,2.364862094,0,2,8
395906,QUALITY LIFE SERVICES - HENRY CLAY,74,68.1,N,4,PA,Fayette,395906,848421.26,45.94230769,2.424661535,6,3,3
395907,FORESTVIEW,80,75.1,N,5,PA,Erie,395907,597042.32,21.18421053,1.828095052,2,1,6
395908,"BRADFORD ECUMENICAL HOME, INC",100,95.9,N,5,PA,Mc Kean,395908,656030.12,24.75757576,2.202353801,2,8,9
395909,DARWAY HEALTHCARE AND  REHABILITATION CENTER,67,61.6,N,4,PA,Sullivan,395909,487418.29,33.5952381,2.206031281,2,9,5
395912,SUBURBAN WOODS HEALTH & REHA,120,79.5,N,2,PA,Montgomery,395912,1531944.21,28.84347826,2.361755756,6,9,7
395913,MANORCARE HEALTH SERVICES-HUNTINGDON VALLEY,125,109.8,N,4,PA,Montgomery,395913,1395932.08,24.0075188,2.838956639,0,4,7
395915,KINKORA PYTHIAN HOME,60,51.2,N,2,PA,Perry,395915,398401.52,27.72916667,2.306837187,4,8,0
395916,KIRKLAND VILLAGE,60,51.8,N,5,PA,Northampton,395916,1967705.58,16.16428571,2.208416292,7,5,2
395917,BRINTON MANOR NURSING AND REHABILITATION CENTER,92,86.1,N,1,PA,Delaware,395917,1482109.55,20.10429448,2.964434809,9,4,2
395918,SHOOK HOME THE,65,56.9,N,3,PA,Franklin,395918,902430.42,27.81690141,1.706396199,9,4,5
395922,ARTMAN LUTHERAN HOME,61,59.1,N,5,PA,Montgomery,395922,2165464.62,19.4556962,1.802714078,3,8,2
395923,CHAPEL POINTE AT CARLISLE,59,58.3,N,5,PA,Cumberland,395923,615611.53,49.67567568,1.95342235,4,7,1
395925,UPMC MCKEESPORT LONG TERM CARE,24,19.3,Y,5,PA,Allegheny,395925,474040.04,10.75396825,2.339040742,6,4,3
395926,SACRED HEART HOSPITAL TCF,22,10.7,Y,5,PA,Lehigh,395926,1088078.87,14.53588517,2.339782609,7,9,2
395927,STONERIDGE POPLAR RUN,60,53.7,N,5,PA,Lebanon,395927,202189.85,52.90909091,1.992045455,4,0,4
395929,RIDGEVIEW HEALTHCARE & REHAB CENTER,111,83.5,N,1,PA,Schuylkill,395929,603565.63,23.05479452,2.366900915,9,7,6
395936,WAYNE WOODLANDS MANOR,121,88.3,N,1,PA,Wayne,395936,1670114.81,36.58267717,2.050755677,2,2,5
395938,BERKSHIRE CENTER,130,124.3,N,5,PA,Berks,395938,1650040.18,28.55704698,2.282077715,0,7,1
395939,LEHIGH CENTER,128,119.7,N,5,PA,Lehigh,395939,4424621.37,28.45501285,2.597982965,3,9,1
395941,TRANSITIONAL SUB-ACUTE UNIT,50,45.8,Y,5,PA,Berks,395941,3863641.45,12.7267525,2.104483829,8,8,3
395944,CHAMBERS POINTE HEALTH CARE CENTER,60,56.4,N,2,PA,Franklin,395944,1068267.61,31.04761905,2.073732078,7,2,8
395948,"LAWSON NURSING HOME, INC.",50,,N,1,PA,Allegheny,395948,468672.5,17.06153846,2.23495572,7,0,5
395950,CENTENNIAL HEALTHCARE AND REHABILITATION CENTER,180,167.8,N,4,PA,Philadelphia,395950,2757463.78,32.20441989,3.350088185,7,7,8
395951,LEHIGH VALLEY HOSPITAL TSU,52,40.5,N,5,PA,Lehigh,395951,4335979.1,11.98225602,2.461715687,0,1,7
395952,NAAMANS CREEK COUNTRY MANOR,90,84.1,N,4,PA,Delaware,395952,1776827.65,19.5025641,2.648805438,5,6,0
395953,SUNSET RIDGE HEALTHCARE AND REHABILITATION CENTER,66,62.4,N,2,PA,Columbia,395953,1096892.45,26.55238095,2.294900143,4,2,2
395956,GLEN AT WILLOW VALLEY,203,186.1,N,5,PA,Lancaster,395956,1871304.74,25.8241206,2.088110672,6,1,8
395959,"CARING PLACE, THE",100,88.5,N,4,PA,Venango,395959,1276536.07,31.0462963,2.24837381,0,7,9
395961,PHILADELPHIA PROTESTANT HOME,126,121.7,N,5,PA,Philadelphia,395961,1840558.28,29.5,2.329218353,4,8,0
395964,SHIPPENSBURG HEALTH CARE CENTER,125,106.8,N,1,PA,Cumberland,395964,1796439.67,27.24418605,2.583305404,8,6,1
395966,UPMC NORTHWEST TRANSITIONAL CARE UNIT,16,12.5,Y,3,PA,Venango,395966,822705.19,10.9137931,2.101027281,2,2,7
395974,MONTICELLO HOUSE,86,85.1,N,4,PA,Delaware,395974,2161013.02,26.43093923,2.4125419,2,6,4
395977,CHERRY TREE NURSING CENTER,120,75.1,N,4,PA,Fayette,395977,817629.59,28.58974359,2.932974738,8,5,2
395983,KEARSLEY REHABILITATION AND NURSING CENTER,84,77.4,N,3,PA,Philadelphia,395983,3237106.51,23.44029851,3.891834625,8,1,4
395984,CREEKSIDE HEALTH AND REHABILITATION CENTER,81,66.6,N,1,PA,Lackawanna,395984,561935.97,23.39240506,3.204857836,3,0,6
395985,ALTOONA CENTER FOR NURSING CARE,120,103.7,N,2,PA,Blair,395985,853260.62,17.68867925,3.585138014,9,0,4
395986,KITTANNING CARE CENTER,120,94.7,N,4,PA,Armstrong,395986,451617.38,27.58333333,2.862982754,5,6,3
395989,PROVIDENCE REHAB AND HLTHCARE CTRATMERCYFITZGERALD,129,116.7,N,5,PA,Delaware,395989,2723362.13,21.60700389,3.011557548,9,1,6
395990,"TRANSITIONAL CARE CENTER AT GROVE CITY MED CTR,THE",20,9.8,Y,4,PA,Mercer,395990,623843.58,10.89534884,2.073210798,1,0,9
395996,MANCHESTER COMMONS OF PRESBYTERIAN SENIORCARE,78,72.9,N,5,PA,Erie,395996,855720.75,23.45714286,2.171664393,0,9,7
395998,MISERICORDIA NURSING & REHABILITATION CENTER,50,43.4,N,5,PA,York,395998,1023711.7,40.30357143,2.276892157,4,3,4
396001,ABRAMSON SENIOR CARE AT LANKENAU MEDICAL CENTER,22,19,Y,5,PA,Montgomery,396001,1850710.97,8.997979798,2.122230054,9,1,5
396002,"TCU AT NAZARETH HOSPITAL, THE",28,14.7,Y,3,PA,Philadelphia,396002,1595533.77,10,2.361997396,9,3,8
396003,MANORCARE HEALTH SERVICES-MONROEVILLE,131,118.1,N,5,PA,Allegheny,396003,1791673.28,20.49561404,2.838491897,6,4,3
396009,NORRITON SQUARE NURSING AND REHABILITATION CENTER,99,88,N,1,PA,Montgomery,396009,2566635.29,20.39784946,2.79192287,6,2,0
396015,WESTMINSTER WOODS AT HUNTINGDO,64,62.2,N,4,PA,Huntingdon,396015,1385721.73,25.34057971,2.299127337,2,8,2
396017,POWERBACK REHABILITATION 3485 DAVISVILLE ROAD,109,89.8,N,4,PA,Montgomery,396017,5544587.72,17.99030695,2.182394344,8,5,2
396021,REDSTONE HIGHLANDS HEALTH CARE,77,70.4,N,3,PA,Westmoreland,396021,1454231.26,17.17511521,2.154127424,1,1,4
396024,WESTON REHABILITATION & NURSING CENTER,44,34.1,N,2,PA,Northampton,396024,589213.7,27.27941177,2.376209108,0,3,8
396026,CONCORDIA AT VILLA ST JOSEPH,120,117.8,N,5,PA,Beaver,396026,825249.11,17.05223881,1.944262936,5,7,8
396035,SCOTTDALE HEALTHCARE AND REHABILITATION CENTER,35,31.9,N,3,PA,Westmoreland,396035,909220.68,23.91208791,2.575423276,6,0,5
396048,HARMAR VILLAGE CARE CENTER,130,118.4,N,4,PA,Allegheny,396048,969248.51,25.05208333,2.864896122,5,4,6
396049,JAMESON CARE CENTER,78,68.1,N,1,PA,Lawrence,396049,627057.24,24.64705882,2.493479978,6,1,3
396053,COUNTRY MEADOWS NURSING CENTER OF BETHLEHEM,70,63.5,N,5,PA,Northampton,396053,3531284.22,22.92082111,2.327331672,9,7,7
396056,WILLIAM PENN CARE CENTER,155,122.8,N,1,PA,Westmoreland,396056,1589309.8,22.59340659,2.688210419,9,6,1
396058,AVALON SPRINGS PLACE,100,87.9,N,1,PA,Mercer,396058,652384.22,34.33928571,2.326164683,0,7,3
396059,CONCORDIA AT THE CEDARS,59,52.9,N,3,PA,Allegheny,396059,445417.29,14.92957747,2.975366341,2,6,0
396062,"INN AT FREEDOM VILLAGE,THE",60,45.3,N,4,PA,Chester,396062,1356498.53,13.69585254,1.96432991,7,6,0
396063,SETON MANOR NURSING AND REHABILITATION CENTER,120,114.3,N,5,PA,Schuylkill,396063,1928384.14,21.5483871,2.573697668,6,9,0
396065,BLOOMSBURG CARE CENTER AND REHABILITATION CENTER,149,120.4,N,3,PA,Columbia,396065,793332.05,27.49382716,2.514776966,6,9,6
396066,MANORCARE HEALTH SERVICES-WHITEHALL BOROUGH,166,148.5,N,5,PA,Allegheny,396066,3808691.9,24.30628272,1.930923929,5,5,4
396067,CONCORDIA AT REBECCA RESIDENCE,60,50.9,N,4,PA,Allegheny,396067,1325257.86,15.52105263,2.141788357,4,9,9
396069,ARBUTUS PARK MANOR,141,125.8,N,2,PA,Cambria,396069,616857.95,24.30769231,1.95595912,9,7,6
396070,ANGELA JANE PAVILION,49,33.9,N,5,PA,Philadelphia,396070,2784315.8,15.62368421,2.404724864,6,6,9
396071,CLEPPER MANOR,54,49.8,N,1,PA,Mercer,396071,601776.02,31.59649123,2.330053762,4,0,0
396072,MILLCREEK MANOR,138,128.9,N,4,PA,Erie,396072,1562784.69,29.09782609,2.23264998,6,6,4
396073,"NORTH STRABANE REHABILITATION AND WELLNESS CTR, LL",62,52.1,N,2,PA,Washington,396073,740546.63,27.16455696,3.114689463,5,0,8
396074,ALLIED SERVICES SKILLED NURSING CENTER,371,339.9,N,4,PA,Lackawanna,396074,4932739.59,28.5782881,2.732119389,8,4,6
396075,AVALON PLACE,84,78.4,N,3,PA,Lawrence,396075,841642.02,39.71929825,2.133281566,2,8,3
396076,BALA NURSING AND RETIREMENT CE,180,168.5,N,3,PA,Philadelphia,396076,1430338.05,30.06666667,3.270859729,1,0,1
396077,OLD ORCHARD HEALTH CARE CENTER,180,166.6,N,5,PA,Northampton,396077,4145722,17.73048327,2.628983642,5,2,4
396078,ABRAMSON RESIDENCE,324,310.8,N,4,PA,Montgomery,396078,5407411.49,21.40067912,2.772729959,4,2,6
396079,GARDEN SPOT VILLAGE,73,70.4,N,5,PA,Lancaster,396079,1026604.12,29.20430108,1.845672549,1,0,6
396080,BELLE REVE HEALTH CARE CENTER,30,26.1,N,4,PA,Pike,396080,1744104.1,22.71794872,2.098620418,8,1,5
396081,SAINT MARY'S AT ASBURY RIDGE,80,70.4,N,4,PA,Erie,396081,1250285.82,22.07006369,2.089698524,1,7,0
396082,BELLINGHAM PARK LANE,64,61.3,N,5,PA,Chester,396082,4370641.98,22.04166667,2.585964392,2,7,5
396083,STERLING HEALTH CARE AND REHAB CENTER,164,150.6,N,4,PA,Delaware,396083,2069582.64,34.25384615,3.078473201,1,2,1
396085,MON VALLEY CARE CENTER,60,54.5,N,2,PA,Washington,396085,1099628.53,19.1292517,2.77358609,7,7,6
396086,GREEN VALLEY SKILLED NURSING AND REHABILITATION CE,48,39.1,N,3,PA,Schuylkill,396086,139115.54,23.55,2.144855655,2,7,2
396088,"MAPLE WINDS HEALTHCARE AND REHABILITATION, LLC",50,45.1,N,1,PA,Cambria,396088,847644.67,32.8030303,2.261268338,4,8,1
396089,CONCORDIA OF THE SOUTH HILLS,46,45.4,N,5,PA,Allegheny,396089,1891526.92,17.71548117,2.167111743,9,4,9
396090,PRESTON RESIDENCE,38,30.3,N,5,PA,Chester,396090,2951289.65,20.07868853,2.256869191,4,6,6
396092,"VILLAGE AT PENN STATE,  THE",36,33.1,N,4,PA,Centre,396092,234103.2,27,2.477571429,2,4,3
396093,RICHFIELD HEALTHCARE AND REHABILITATION CENTER,40,38,N,4,PA,Juniata,396093,603048.26,26.38333333,3.174536347,3,2,8
396095,SCRANTON HEALTH CARE CENTER,44,40.3,N,2,PA,Lackawanna,396095,762530.49,19.94680851,2.214229595,9,4,7
396096,MORAVIAN VILLAGE OF BETHLEHEM,109,73.1,N,4,PA,Northampton,396096,5311454.51,16.38611111,2.407750634,5,8,0
396098,UPMC MAGEE-WOMENS HOSPITAL TCU,20,17.4,Y,4,PA,Allegheny,396098,384914.5,13.31132076,2.491153369,3,6,5
396099,CONNER-WILLIAMS NURSING HOME,42,,N,1,PA,Delaware,396099,209628.47,26.42105263,2.936632828,5,5,6
396101,REHAB AT SHANNONDELL,160,140.3,N,4,PA,Montgomery,396101,7925852.82,21.39371069,1.997959809,0,1,5
396102,CONEMAUGH MEMORIAL MEDICAL CENTER TCU,30,23.8,Y,5,PA,Cambria,396102,850285.58,13,2.052901938,3,6,0
396106,"HAVEN CONVALESCENT HOME, INC",91,88.1,N,5,PA,Lawrence,396106,434581.91,28.38095238,2.284466667,9,8,4
396107,ANN'S CHOICE,88,84.8,N,5,PA,Bucks,396107,1337611.31,20.79865772,2.309330496,5,0,4
396109,HEINZ TRANSITIONAL REHABILITATION UNIT,45,27,Y,5,PA,Luzerne,396109,1917299.25,13.16088328,1.786000067,9,1,5
396111,SPIRITRUST LUTHERAN THE VILLAGE AT UTZ TERRACE,40,38.7,N,5,PA,York,396111,369284.1,25.29268293,2.435940208,7,3,5
396113,"HEALTH CENTER AT THE HILL AT WHITEMARSH, THE",60,54.4,N,5,PA,Montgomery,396113,3559234.47,27.17704918,1.901909545,4,2,9
396114,TWIN PINES HEALTH CARE CENTER,120,109.8,N,3,PA,Chester,396114,1361420.5,25.49557522,3.037290922,3,4,5
396115,WYNDMOOR HILLS HEALTH CARE & REHAB CENTER,77,35.7,N,2,PA,Montgomery,396115,3851106.16,28.14098361,2.508701553,5,1,4
396117,WELLINGTON TERRACE,40,42.6,N,4,PA,Chester,396117,3125631.43,19.60059172,2.416467664,3,3,1
396119,MT HOPE NAZARENE RETIREMENT COMMUNITY,50,47.8,N,5,PA,Lancaster,396119,475239.9,43.5,1.944651235,2,4,0
396120,PHOEBE WYNCOTE,58,43.1,N,4,PA,Montgomery,396120,541739.41,20.3968254,3.154271912,8,7,4
396122,FOX SUBACUTE AT MECHANICSBURG,56,44.6,N,1,PA,Cumberland,396122,817538.19,33.17391304,7.688847417,6,5,5
396123,CONTINUING CARE  AT MARIS GROVE,66,55,N,4,PA,Delaware,396123,772260.66,20.95555556,2.380731771,5,4,5
396124,PROVIDENCE POINT HEALTHCARE RESIDENCE,63,56.5,N,5,PA,Allegheny,396124,1413743.57,21.11695906,1.743986782,8,4,6
396125,CHRIST'S HOME RETIREMENT COMMUNITY,48,41.2,N,5,PA,Bucks,396125,2170404.09,21.02608696,2.045466642,5,4,2
396126,POWERBACK REHABILITATION PHOENIXVILLE,22,21,N,4,PA,Chester,396126,2117285.85,14.77099237,2.18741014,6,7,3
396128,MAPLE FARM,46,40.5,N,5,PA,Lancaster,396128,958262.8,21.49166667,2.317700518,6,9,7
396129,WILLOW TERRACE,174,158.1,N,1,PA,Philadelphia,396129,2411411.27,29.56287425,3.873973356,4,9,1
396130,WHITESTONE CARE CENTER,90,56,N,2,PA,Monroe,396130,2372307.23,26.67961165,2.975853591,4,7,5
396131,LIFECARE HOSPITALS OF PITTSBURGH SNF UNIT,40,29.3,N,3,PA,Allegheny,396131,1761291.64,25.28651685,3.00794437,4,6,3
396132,QUALITY LIFE SERVICES - WESTMONT,41,40.6,N,2,PA,Cambria,396132,333165.76,27.21212121,1.992748851,5,0,7
396133,VIBRA REHABILITATION CENTER,48,37.8,N,4,PA,Cumberland,396133,3054712.7,23.79794521,2.140220692,3,2,4
396134,PENN STATE HEALTH TRANSITIONAL CARE,22,15,N,5,PA,Dauphin,396134,916844.07,12.22959184,1.949803101,8,5,8
396135,ALLIED SERVICES TRANSITIONAL REHAB UNIT,55,32.4,Y,4,PA,Lackawanna,396135,2056257.13,13.07142857,1.899667878,6,7,3
396136,CH SKILLED NURSING FACILITY OF ALLENTOWN,12,10.1,Y,5,PA,Lehigh,396136,875973.78,8.990909091,1.113362319,4,7,0
396137,ATHENS HEALTH AND REHABILITATION CENTER,90,53,N,2,PA,Bradford,396137,707935.76,19.91,2.318193702,2,9,4
396138,HARMONY PHYSICAL REHABILITATION,25,21.6,N,4,PA,Allegheny,396138,1045083.31,16.95714286,2.243495071,3,1,0
396139,PARAMOUNT NURSING & REHAB AT PETERS TOWNSHIP LLC,14,11.6,N,5,PA,Washington,396139,272933.86,20.8125,1.808555556,5,0,3
396140,REHABILITATION CENTER AT BRETHREN VILLAGE LLC,20,11,N,5,PA,Lancaster,396140,1089959.62,17.31578947,1.632645503,9,8,9
