,origin_id,origin_name,origin_zip,origin,destination_id,destination_name,destination_zip,destination,County,DISTANCE
0,395177,ROSE CITY NURSING AND REHAB AT LANCASTER,17602,425 NORTH DUKE STREET,395199,MANORCARE HEALTH SERVICES-LANCASTER,17603,100 ABBEYVILLE ROAD,Lancaster,2.31
1,395177,ROSE CITY NURSING AND REHAB AT LANCASTER,17602,425 NORTH DUKE STREET,395205,LANCASHIRE HALL,17601,2829 LITITZ PIKE,Lancaster,4.73
2,395177,ROSE CITY NURSING AND REHAB AT LANCASTER,17602,425 NORTH DUKE STREET,395224,HAMILTON ARMS CENTER,17603,336 SOUTH WEST END AVENUE,Lancaster,1.67
3,395177,ROSE CITY NURSING AND REHAB AT LANCASTER,17602,425 NORTH DUKE STREET,395325,MORAVIAN MANOR,17543,300 WEST LEMON STREET,Lancaster,8.25
4,395177,ROSE CITY NURSING AND REHAB AT LANCASTER,17602,425 NORTH DUKE STREET,395326,"ZERBE SISTERS NURSING CENTER,",17555,2499 ZERBE ROAD,Lancaster,25.95
5,395177,ROSE CITY NURSING AND REHAB AT LANCASTER,17602,425 NORTH DUKE STREET,395328,BRETHREN VILLAGE,17606,3001 LITITZ PIKE,Lancaster,5.02
6,395177,ROSE CITY NURSING AND REHAB AT LANCASTER,17602,425 NORTH DUKE STREET,395336,QUARRYVILLE PRESBYTERIAN RETIREMENT COMMUNITY,17566,625 ROBERT FULTON HIGHWAY,Lancaster,14.9
7,395177,ROSE CITY NURSING AND REHAB AT LANCASTER,17602,425 NORTH DUKE STREET,395349,CALVARY FELLOWSHIP HOMES INC,17601,502 ELIZABETH DRIVE,Lancaster,2.1
8,395177,ROSE CITY NURSING AND REHAB AT LANCASTER,17602,425 NORTH DUKE STREET,395400,SUSQUEHANNA VALLEY NURSING & REHABILITATION CENTER,17512,745 CHIQUES HILL ROAD,Lancaster,12.89
9,395177,ROSE CITY NURSING AND REHAB AT LANCASTER,17602,425 NORTH DUKE STREET,395403,HARRISON SENIOR LIVING OF CHRISTIANA,17509,41 NEWPORT AVENUE,Lancaster,19.68
10,395177,ROSE CITY NURSING AND REHAB AT LANCASTER,17602,425 NORTH DUKE STREET,395406,LUTHER ACRES MANOR,17543,400 SAINT LUKE DR,Lancaster,8.3
11,395177,ROSE CITY NURSING AND REHAB AT LANCASTER,17602,425 NORTH DUKE STREET,395469,ELIZABETH MANOR HEALTHCAREANDREHABILITATION CENTER,17022,320 SOUTH MARKET STREET,Lancaster,20.03
12,395177,ROSE CITY NURSING AND REHAB AT LANCASTER,17602,425 NORTH DUKE STREET,395559,"MENNONITE HOME, THE",17601,1520 HARRISBURG PIKE,Lancaster,2.87
13,395177,ROSE CITY NURSING AND REHAB AT LANCASTER,17602,425 NORTH DUKE STREET,395560,MASONIC VILLAGE AT ELIZABETHTOWN,17022,ONE MASONIC DRIVE,Lancaster,21.81
14,395177,ROSE CITY NURSING AND REHAB AT LANCASTER,17602,425 NORTH DUKE STREET,395575,"GARDENS AT STEVENS, THE",17578,400 LANCASTER AVENUE,Lancaster,16.9
15,395177,ROSE CITY NURSING AND REHAB AT LANCASTER,17602,425 NORTH DUKE STREET,395590,KADIMA REHABILITATION & NURSING AT LITITZ,17543,125 SOUTH BROAD STREET,Lancaster,8.05
16,395177,ROSE CITY NURSING AND REHAB AT LANCASTER,17602,425 NORTH DUKE STREET,395631,UNITED ZION RETIREMENT COMMUNI,17543,722 FURNACE HILL PIKE,Lancaster,9.72
17,395177,ROSE CITY NURSING AND REHAB AT LANCASTER,17602,425 NORTH DUKE STREET,395720,"HOMESTEAD VILLAGE, INC",17604,1800 VILLAGE CIRCLE,Lancaster,3.06
18,395177,ROSE CITY NURSING AND REHAB AT LANCASTER,17602,425 NORTH DUKE STREET,395771,LAKESIDE AT WILLOW VALLEY,17584,300 WILLOW VALLEY LAKES DRIVE,Lancaster,5.39
19,395177,ROSE CITY NURSING AND REHAB AT LANCASTER,17602,425 NORTH DUKE STREET,395774,CONESTOGA VIEW,17602,900 EAST KING STREET,Lancaster,1.57
20,395177,ROSE CITY NURSING AND REHAB AT LANCASTER,17602,425 NORTH DUKE STREET,395786,PLEASANT VIEW RETIREMENT COMMUNITY,17545,544 NORTH PENRYN ROAD,Lancaster,12.06
21,395177,ROSE CITY NURSING AND REHAB AT LANCASTER,17602,425 NORTH DUKE STREET,395797,LANDIS HOMES,17543,1001 EAST OREGON ROAD,Lancaster,6.44
22,395177,ROSE CITY NURSING AND REHAB AT LANCASTER,17602,425 NORTH DUKE STREET,395805,FAIRMOUNT HOMES,17522,333 WHEAT RIDGE DRIVE,Lancaster,13.7
23,395177,ROSE CITY NURSING AND REHAB AT LANCASTER,17602,425 NORTH DUKE STREET,395806,ST ANNE'S RETIREMENT COMMUNITY,17512,3952 COLUMBIA AVENUE,Lancaster,9.58
24,395177,ROSE CITY NURSING AND REHAB AT LANCASTER,17602,425 NORTH DUKE STREET,395844,ELIZABETHTOWN HEALTHCARE AND REHAB CENTER,17022,141 HEISEY AVENUE,Lancaster,18.45
25,395177,ROSE CITY NURSING AND REHAB AT LANCASTER,17602,425 NORTH DUKE STREET,395857,EPHRATA MANOR,17522,99 BETHANY ROAD,Lancaster,14.46
26,395177,ROSE CITY NURSING AND REHAB AT LANCASTER,17602,425 NORTH DUKE STREET,395956,GLEN AT WILLOW VALLEY,17602,675 WILLOW VALLEY SQUARE,Lancaster,4.27
27,395177,ROSE CITY NURSING AND REHAB AT LANCASTER,17602,425 NORTH DUKE STREET,396079,GARDEN SPOT VILLAGE,17557,433 S KINZER AVENUE,Lancaster,14.24
28,395177,ROSE CITY NURSING AND REHAB AT LANCASTER,17602,425 NORTH DUKE STREET,396119,MT HOPE NAZARENE RETIREMENT COMMUNITY,17545,3026 MOUNT HOPE HOME ROAD,Lancaster,18.32
29,395177,ROSE CITY NURSING AND REHAB AT LANCASTER,17602,425 NORTH DUKE STREET,396128,MAPLE FARM,17501,604 OAK STREET,Lancaster,11.04
30,395177,ROSE CITY NURSING AND REHAB AT LANCASTER,17602,425 NORTH DUKE STREET,396140,REHABILITATION CENTER AT BRETHREN VILLAGE LLC,17606,3001 LITITZ PIKE,Lancaster,5.02
31,395199,MANORCARE HEALTH SERVICES-LANCASTER,17603,100 ABBEYVILLE ROAD,395205,LANCASHIRE HALL,17601,2829 LITITZ PIKE,Lancaster,7.28
32,395199,MANORCARE HEALTH SERVICES-LANCASTER,17603,100 ABBEYVILLE ROAD,395224,HAMILTON ARMS CENTER,17603,336 SOUTH WEST END AVENUE,Lancaster,0.78
33,395199,MANORCARE HEALTH SERVICES-LANCASTER,17603,100 ABBEYVILLE ROAD,395325,MORAVIAN MANOR,17543,300 WEST LEMON STREET,Lancaster,10.79
34,395199,MANORCARE HEALTH SERVICES-LANCASTER,17603,100 ABBEYVILLE ROAD,395326,"ZERBE SISTERS NURSING CENTER,",17555,2499 ZERBE ROAD,Lancaster,28.87
35,395199,MANORCARE HEALTH SERVICES-LANCASTER,17603,100 ABBEYVILLE ROAD,395328,BRETHREN VILLAGE,17606,3001 LITITZ PIKE,Lancaster,7.57
36,395199,MANORCARE HEALTH SERVICES-LANCASTER,17603,100 ABBEYVILLE ROAD,395336,QUARRYVILLE PRESBYTERIAN RETIREMENT COMMUNITY,17566,625 ROBERT FULTON HIGHWAY,Lancaster,16.41
37,395199,MANORCARE HEALTH SERVICES-LANCASTER,17603,100 ABBEYVILLE ROAD,395349,CALVARY FELLOWSHIP HOMES INC,17601,502 ELIZABETH DRIVE,Lancaster,3.98
38,395199,MANORCARE HEALTH SERVICES-LANCASTER,17603,100 ABBEYVILLE ROAD,395400,SUSQUEHANNA VALLEY NURSING & REHABILITATION CENTER,17512,745 CHIQUES HILL ROAD,Lancaster,12.23
39,395199,MANORCARE HEALTH SERVICES-LANCASTER,17603,100 ABBEYVILLE ROAD,395403,HARRISON SENIOR LIVING OF CHRISTIANA,17509,41 NEWPORT AVENUE,Lancaster,22.08
40,395199,MANORCARE HEALTH SERVICES-LANCASTER,17603,100 ABBEYVILLE ROAD,395406,LUTHER ACRES MANOR,17543,400 SAINT LUKE DR,Lancaster,10.85
41,395199,MANORCARE HEALTH SERVICES-LANCASTER,17603,100 ABBEYVILLE ROAD,395469,ELIZABETH MANOR HEALTHCAREANDREHABILITATION CENTER,17022,320 SOUTH MARKET STREET,Lancaster,20.3
42,395199,MANORCARE HEALTH SERVICES-LANCASTER,17603,100 ABBEYVILLE ROAD,395559,"MENNONITE HOME, THE",17601,1520 HARRISBURG PIKE,Lancaster,3.26
43,395199,MANORCARE HEALTH SERVICES-LANCASTER,17603,100 ABBEYVILLE ROAD,395560,MASONIC VILLAGE AT ELIZABETHTOWN,17022,ONE MASONIC DRIVE,Lancaster,22.08
44,395199,MANORCARE HEALTH SERVICES-LANCASTER,17603,100 ABBEYVILLE ROAD,395575,"GARDENS AT STEVENS, THE",17578,400 LANCASTER AVENUE,Lancaster,19.83
45,395199,MANORCARE HEALTH SERVICES-LANCASTER,17603,100 ABBEYVILLE ROAD,395590,KADIMA REHABILITATION & NURSING AT LITITZ,17543,125 SOUTH BROAD STREET,Lancaster,10.59
46,395199,MANORCARE HEALTH SERVICES-LANCASTER,17603,100 ABBEYVILLE ROAD,395631,UNITED ZION RETIREMENT COMMUNI,17543,722 FURNACE HILL PIKE,Lancaster,12.27
47,395199,MANORCARE HEALTH SERVICES-LANCASTER,17603,100 ABBEYVILLE ROAD,395720,"HOMESTEAD VILLAGE, INC",17604,1800 VILLAGE CIRCLE,Lancaster,1.98
48,395199,MANORCARE HEALTH SERVICES-LANCASTER,17603,100 ABBEYVILLE ROAD,395771,LAKESIDE AT WILLOW VALLEY,17584,300 WILLOW VALLEY LAKES DRIVE,Lancaster,5.94
49,395199,MANORCARE HEALTH SERVICES-LANCASTER,17603,100 ABBEYVILLE ROAD,395774,CONESTOGA VIEW,17602,900 EAST KING STREET,Lancaster,3.04
50,395199,MANORCARE HEALTH SERVICES-LANCASTER,17603,100 ABBEYVILLE ROAD,395786,PLEASANT VIEW RETIREMENT COMMUNITY,17545,544 NORTH PENRYN ROAD,Lancaster,13.16
51,395199,MANORCARE HEALTH SERVICES-LANCASTER,17603,100 ABBEYVILLE ROAD,395797,LANDIS HOMES,17543,1001 EAST OREGON ROAD,Lancaster,10.88
52,395199,MANORCARE HEALTH SERVICES-LANCASTER,17603,100 ABBEYVILLE ROAD,395805,FAIRMOUNT HOMES,17522,333 WHEAT RIDGE DRIVE,Lancaster,16.63
53,395199,MANORCARE HEALTH SERVICES-LANCASTER,17603,100 ABBEYVILLE ROAD,395806,ST ANNE'S RETIREMENT COMMUNITY,17512,3952 COLUMBIA AVENUE,Lancaster,6.53
54,395199,MANORCARE HEALTH SERVICES-LANCASTER,17603,100 ABBEYVILLE ROAD,395844,ELIZABETHTOWN HEALTHCARE AND REHAB CENTER,17022,141 HEISEY AVENUE,Lancaster,18.72
55,395199,MANORCARE HEALTH SERVICES-LANCASTER,17603,100 ABBEYVILLE ROAD,395857,EPHRATA MANOR,17522,99 BETHANY ROAD,Lancaster,17.39
56,395199,MANORCARE HEALTH SERVICES-LANCASTER,17603,100 ABBEYVILLE ROAD,395956,GLEN AT WILLOW VALLEY,17602,675 WILLOW VALLEY SQUARE,Lancaster,4.82
57,395199,MANORCARE HEALTH SERVICES-LANCASTER,17603,100 ABBEYVILLE ROAD,396079,GARDEN SPOT VILLAGE,17557,433 S KINZER AVENUE,Lancaster,22.72
58,395199,MANORCARE HEALTH SERVICES-LANCASTER,17603,100 ABBEYVILLE ROAD,396119,MT HOPE NAZARENE RETIREMENT COMMUNITY,17545,3026 MOUNT HOPE HOME ROAD,Lancaster,18.59
59,395199,MANORCARE HEALTH SERVICES-LANCASTER,17603,100 ABBEYVILLE ROAD,396128,MAPLE FARM,17501,604 OAK STREET,Lancaster,13.96
60,395199,MANORCARE HEALTH SERVICES-LANCASTER,17603,100 ABBEYVILLE ROAD,396140,REHABILITATION CENTER AT BRETHREN VILLAGE LLC,17606,3001 LITITZ PIKE,Lancaster,7.57
61,395205,LANCASHIRE HALL,17601,2829 LITITZ PIKE,395224,HAMILTON ARMS CENTER,17603,336 SOUTH WEST END AVENUE,Lancaster,7.27
62,395205,LANCASHIRE HALL,17601,2829 LITITZ PIKE,395325,MORAVIAN MANOR,17543,300 WEST LEMON STREET,Lancaster,3.84
63,395205,LANCASHIRE HALL,17601,2829 LITITZ PIKE,395326,"ZERBE SISTERS NURSING CENTER,",17555,2499 ZERBE ROAD,Lancaster,24.13
64,395205,LANCASHIRE HALL,17601,2829 LITITZ PIKE,395328,BRETHREN VILLAGE,17606,3001 LITITZ PIKE,Lancaster,0.61
65,395205,LANCASHIRE HALL,17601,2829 LITITZ PIKE,395336,QUARRYVILLE PRESBYTERIAN RETIREMENT COMMUNITY,17566,625 ROBERT FULTON HIGHWAY,Lancaster,21.64
66,395205,LANCASHIRE HALL,17601,2829 LITITZ PIKE,395349,CALVARY FELLOWSHIP HOMES INC,17601,502 ELIZABETH DRIVE,Lancaster,4.0
67,395205,LANCASHIRE HALL,17601,2829 LITITZ PIKE,395400,SUSQUEHANNA VALLEY NURSING & REHABILITATION CENTER,17512,745 CHIQUES HILL ROAD,Lancaster,14.98
68,395205,LANCASHIRE HALL,17601,2829 LITITZ PIKE,395403,HARRISON SENIOR LIVING OF CHRISTIANA,17509,41 NEWPORT AVENUE,Lancaster,22.45
69,395205,LANCASHIRE HALL,17601,2829 LITITZ PIKE,395406,LUTHER ACRES MANOR,17543,400 SAINT LUKE DR,Lancaster,3.89
70,395205,LANCASHIRE HALL,17601,2829 LITITZ PIKE,395469,ELIZABETH MANOR HEALTHCAREANDREHABILITATION CENTER,17022,320 SOUTH MARKET STREET,Lancaster,20.65
71,395205,LANCASHIRE HALL,17601,2829 LITITZ PIKE,395559,"MENNONITE HOME, THE",17601,1520 HARRISBURG PIKE,Lancaster,4.96
72,395205,LANCASHIRE HALL,17601,2829 LITITZ PIKE,395560,MASONIC VILLAGE AT ELIZABETHTOWN,17022,ONE MASONIC DRIVE,Lancaster,22.43
73,395205,LANCASHIRE HALL,17601,2829 LITITZ PIKE,395575,"GARDENS AT STEVENS, THE",17578,400 LANCASTER AVENUE,Lancaster,13.35
74,395205,LANCASHIRE HALL,17601,2829 LITITZ PIKE,395590,KADIMA REHABILITATION & NURSING AT LITITZ,17543,125 SOUTH BROAD STREET,Lancaster,3.64
75,395205,LANCASHIRE HALL,17601,2829 LITITZ PIKE,395631,UNITED ZION RETIREMENT COMMUNI,17543,722 FURNACE HILL PIKE,Lancaster,5.31
76,395205,LANCASHIRE HALL,17601,2829 LITITZ PIKE,395720,"HOMESTEAD VILLAGE, INC",17604,1800 VILLAGE CIRCLE,Lancaster,6.43
77,395205,LANCASHIRE HALL,17601,2829 LITITZ PIKE,395771,LAKESIDE AT WILLOW VALLEY,17584,300 WILLOW VALLEY LAKES DRIVE,Lancaster,9.86
78,395205,LANCASHIRE HALL,17601,2829 LITITZ PIKE,395774,CONESTOGA VIEW,17602,900 EAST KING STREET,Lancaster,6.51
79,395205,LANCASHIRE HALL,17601,2829 LITITZ PIKE,395786,PLEASANT VIEW RETIREMENT COMMUNITY,17545,544 NORTH PENRYN ROAD,Lancaster,8.56
80,395205,LANCASHIRE HALL,17601,2829 LITITZ PIKE,395797,LANDIS HOMES,17543,1001 EAST OREGON ROAD,Lancaster,2.47
81,395205,LANCASHIRE HALL,17601,2829 LITITZ PIKE,395805,FAIRMOUNT HOMES,17522,333 WHEAT RIDGE DRIVE,Lancaster,10.06
82,395205,LANCASHIRE HALL,17601,2829 LITITZ PIKE,395806,ST ANNE'S RETIREMENT COMMUNITY,17512,3952 COLUMBIA AVENUE,Lancaster,11.66
83,395205,LANCASHIRE HALL,17601,2829 LITITZ PIKE,395844,ELIZABETHTOWN HEALTHCARE AND REHAB CENTER,17022,141 HEISEY AVENUE,Lancaster,19.07
84,395205,LANCASHIRE HALL,17601,2829 LITITZ PIKE,395857,EPHRATA MANOR,17522,99 BETHANY ROAD,Lancaster,9.67
85,395205,LANCASHIRE HALL,17601,2829 LITITZ PIKE,395956,GLEN AT WILLOW VALLEY,17602,675 WILLOW VALLEY SQUARE,Lancaster,8.75
86,395205,LANCASHIRE HALL,17601,2829 LITITZ PIKE,396079,GARDEN SPOT VILLAGE,17557,433 S KINZER AVENUE,Lancaster,17.97
87,395205,LANCASHIRE HALL,17601,2829 LITITZ PIKE,396119,MT HOPE NAZARENE RETIREMENT COMMUNITY,17545,3026 MOUNT HOPE HOME ROAD,Lancaster,12.96
88,395205,LANCASHIRE HALL,17601,2829 LITITZ PIKE,396128,MAPLE FARM,17501,604 OAK STREET,Lancaster,7.49
89,395205,LANCASHIRE HALL,17601,2829 LITITZ PIKE,396140,REHABILITATION CENTER AT BRETHREN VILLAGE LLC,17606,3001 LITITZ PIKE,Lancaster,0.61
90,395224,HAMILTON ARMS CENTER,17603,336 SOUTH WEST END AVENUE,395325,MORAVIAN MANOR,17543,300 WEST LEMON STREET,Lancaster,10.86
91,395224,HAMILTON ARMS CENTER,17603,336 SOUTH WEST END AVENUE,395326,"ZERBE SISTERS NURSING CENTER,",17555,2499 ZERBE ROAD,Lancaster,28.94
92,395224,HAMILTON ARMS CENTER,17603,336 SOUTH WEST END AVENUE,395328,BRETHREN VILLAGE,17606,3001 LITITZ PIKE,Lancaster,7.64
93,395224,HAMILTON ARMS CENTER,17603,336 SOUTH WEST END AVENUE,395336,QUARRYVILLE PRESBYTERIAN RETIREMENT COMMUNITY,17566,625 ROBERT FULTON HIGHWAY,Lancaster,15.63
94,395224,HAMILTON ARMS CENTER,17603,336 SOUTH WEST END AVENUE,395349,CALVARY FELLOWSHIP HOMES INC,17601,502 ELIZABETH DRIVE,Lancaster,3.63
95,395224,HAMILTON ARMS CENTER,17603,336 SOUTH WEST END AVENUE,395400,SUSQUEHANNA VALLEY NURSING & REHABILITATION CENTER,17512,745 CHIQUES HILL ROAD,Lancaster,12.74
96,395224,HAMILTON ARMS CENTER,17603,336 SOUTH WEST END AVENUE,395403,HARRISON SENIOR LIVING OF CHRISTIANA,17509,41 NEWPORT AVENUE,Lancaster,21.3
97,395224,HAMILTON ARMS CENTER,17603,336 SOUTH WEST END AVENUE,395406,LUTHER ACRES MANOR,17543,400 SAINT LUKE DR,Lancaster,10.92
98,395224,HAMILTON ARMS CENTER,17603,336 SOUTH WEST END AVENUE,395469,ELIZABETH MANOR HEALTHCAREANDREHABILITATION CENTER,17022,320 SOUTH MARKET STREET,Lancaster,20.12
99,395224,HAMILTON ARMS CENTER,17603,336 SOUTH WEST END AVENUE,395559,"MENNONITE HOME, THE",17601,1520 HARRISBURG PIKE,Lancaster,3.77
100,395224,HAMILTON ARMS CENTER,17603,336 SOUTH WEST END AVENUE,395560,MASONIC VILLAGE AT ELIZABETHTOWN,17022,ONE MASONIC DRIVE,Lancaster,21.9
101,395224,HAMILTON ARMS CENTER,17603,336 SOUTH WEST END AVENUE,395575,"GARDENS AT STEVENS, THE",17578,400 LANCASTER AVENUE,Lancaster,19.9
102,395224,HAMILTON ARMS CENTER,17603,336 SOUTH WEST END AVENUE,395590,KADIMA REHABILITATION & NURSING AT LITITZ,17543,125 SOUTH BROAD STREET,Lancaster,10.66
103,395224,HAMILTON ARMS CENTER,17603,336 SOUTH WEST END AVENUE,395631,UNITED ZION RETIREMENT COMMUNI,17543,722 FURNACE HILL PIKE,Lancaster,12.34
104,395224,HAMILTON ARMS CENTER,17603,336 SOUTH WEST END AVENUE,395720,"HOMESTEAD VILLAGE, INC",17604,1800 VILLAGE CIRCLE,Lancaster,2.49
105,395224,HAMILTON ARMS CENTER,17603,336 SOUTH WEST END AVENUE,395771,LAKESIDE AT WILLOW VALLEY,17584,300 WILLOW VALLEY LAKES DRIVE,Lancaster,5.15
106,395224,HAMILTON ARMS CENTER,17603,336 SOUTH WEST END AVENUE,395774,CONESTOGA VIEW,17602,900 EAST KING STREET,Lancaster,2.66
107,395224,HAMILTON ARMS CENTER,17603,336 SOUTH WEST END AVENUE,395786,PLEASANT VIEW RETIREMENT COMMUNITY,17545,544 NORTH PENRYN ROAD,Lancaster,12.42
108,395224,HAMILTON ARMS CENTER,17603,336 SOUTH WEST END AVENUE,395797,LANDIS HOMES,17543,1001 EAST OREGON ROAD,Lancaster,10.95
109,395224,HAMILTON ARMS CENTER,17603,336 SOUTH WEST END AVENUE,395805,FAIRMOUNT HOMES,17522,333 WHEAT RIDGE DRIVE,Lancaster,16.7
110,395224,HAMILTON ARMS CENTER,17603,336 SOUTH WEST END AVENUE,395806,ST ANNE'S RETIREMENT COMMUNITY,17512,3952 COLUMBIA AVENUE,Lancaster,7.23
111,395224,HAMILTON ARMS CENTER,17603,336 SOUTH WEST END AVENUE,395844,ELIZABETHTOWN HEALTHCARE AND REHAB CENTER,17022,141 HEISEY AVENUE,Lancaster,18.54
112,395224,HAMILTON ARMS CENTER,17603,336 SOUTH WEST END AVENUE,395857,EPHRATA MANOR,17522,99 BETHANY ROAD,Lancaster,17.46
113,395224,HAMILTON ARMS CENTER,17603,336 SOUTH WEST END AVENUE,395956,GLEN AT WILLOW VALLEY,17602,675 WILLOW VALLEY SQUARE,Lancaster,4.04
114,395224,HAMILTON ARMS CENTER,17603,336 SOUTH WEST END AVENUE,396079,GARDEN SPOT VILLAGE,17557,433 S KINZER AVENUE,Lancaster,22.79
115,395224,HAMILTON ARMS CENTER,17603,336 SOUTH WEST END AVENUE,396119,MT HOPE NAZARENE RETIREMENT COMMUNITY,17545,3026 MOUNT HOPE HOME ROAD,Lancaster,18.41
116,395224,HAMILTON ARMS CENTER,17603,336 SOUTH WEST END AVENUE,396128,MAPLE FARM,17501,604 OAK STREET,Lancaster,14.03
117,395224,HAMILTON ARMS CENTER,17603,336 SOUTH WEST END AVENUE,396140,REHABILITATION CENTER AT BRETHREN VILLAGE LLC,17606,3001 LITITZ PIKE,Lancaster,7.64
118,395325,MORAVIAN MANOR,17543,300 WEST LEMON STREET,395326,"ZERBE SISTERS NURSING CENTER,",17555,2499 ZERBE ROAD,Lancaster,23.98
119,395325,MORAVIAN MANOR,17543,300 WEST LEMON STREET,395328,BRETHREN VILLAGE,17606,3001 LITITZ PIKE,Lancaster,3.35
120,395325,MORAVIAN MANOR,17543,300 WEST LEMON STREET,395336,QUARRYVILLE PRESBYTERIAN RETIREMENT COMMUNITY,17566,625 ROBERT FULTON HIGHWAY,Lancaster,25.11
121,395325,MORAVIAN MANOR,17543,300 WEST LEMON STREET,395349,CALVARY FELLOWSHIP HOMES INC,17601,502 ELIZABETH DRIVE,Lancaster,7.47
122,395325,MORAVIAN MANOR,17543,300 WEST LEMON STREET,395400,SUSQUEHANNA VALLEY NURSING & REHABILITATION CENTER,17512,745 CHIQUES HILL ROAD,Lancaster,18.45
123,395325,MORAVIAN MANOR,17543,300 WEST LEMON STREET,395403,HARRISON SENIOR LIVING OF CHRISTIANA,17509,41 NEWPORT AVENUE,Lancaster,24.94
124,395325,MORAVIAN MANOR,17543,300 WEST LEMON STREET,395406,LUTHER ACRES MANOR,17543,400 SAINT LUKE DR,Lancaster,1.47
125,395325,MORAVIAN MANOR,17543,300 WEST LEMON STREET,395469,ELIZABETH MANOR HEALTHCAREANDREHABILITATION CENTER,17022,320 SOUTH MARKET STREET,Lancaster,17.91
126,395325,MORAVIAN MANOR,17543,300 WEST LEMON STREET,395559,"MENNONITE HOME, THE",17601,1520 HARRISBURG PIKE,Lancaster,8.44
127,395325,MORAVIAN MANOR,17543,300 WEST LEMON STREET,395560,MASONIC VILLAGE AT ELIZABETHTOWN,17022,ONE MASONIC DRIVE,Lancaster,19.69
128,395325,MORAVIAN MANOR,17543,300 WEST LEMON STREET,395575,"GARDENS AT STEVENS, THE",17578,400 LANCASTER AVENUE,Lancaster,12.03
129,395325,MORAVIAN MANOR,17543,300 WEST LEMON STREET,395590,KADIMA REHABILITATION & NURSING AT LITITZ,17543,125 SOUTH BROAD STREET,Lancaster,0.4
130,395325,MORAVIAN MANOR,17543,300 WEST LEMON STREET,395631,UNITED ZION RETIREMENT COMMUNI,17543,722 FURNACE HILL PIKE,Lancaster,2.12
131,395325,MORAVIAN MANOR,17543,300 WEST LEMON STREET,395720,"HOMESTEAD VILLAGE, INC",17604,1800 VILLAGE CIRCLE,Lancaster,10.16
132,395325,MORAVIAN MANOR,17543,300 WEST LEMON STREET,395771,LAKESIDE AT WILLOW VALLEY,17584,300 WILLOW VALLEY LAKES DRIVE,Lancaster,14.17
133,395325,MORAVIAN MANOR,17543,300 WEST LEMON STREET,395774,CONESTOGA VIEW,17602,900 EAST KING STREET,Lancaster,9.98
134,395325,MORAVIAN MANOR,17543,300 WEST LEMON STREET,395786,PLEASANT VIEW RETIREMENT COMMUNITY,17545,544 NORTH PENRYN ROAD,Lancaster,5.42
135,395325,MORAVIAN MANOR,17543,300 WEST LEMON STREET,395797,LANDIS HOMES,17543,1001 EAST OREGON ROAD,Lancaster,4.62
136,395325,MORAVIAN MANOR,17543,300 WEST LEMON STREET,395805,FAIRMOUNT HOMES,17522,333 WHEAT RIDGE DRIVE,Lancaster,11.33
137,395325,MORAVIAN MANOR,17543,300 WEST LEMON STREET,395806,ST ANNE'S RETIREMENT COMMUNITY,17512,3952 COLUMBIA AVENUE,Lancaster,15.14
138,395325,MORAVIAN MANOR,17543,300 WEST LEMON STREET,395844,ELIZABETHTOWN HEALTHCARE AND REHAB CENTER,17022,141 HEISEY AVENUE,Lancaster,16.33
139,395325,MORAVIAN MANOR,17543,300 WEST LEMON STREET,395857,EPHRATA MANOR,17522,99 BETHANY ROAD,Lancaster,8.56
140,395325,MORAVIAN MANOR,17543,300 WEST LEMON STREET,395956,GLEN AT WILLOW VALLEY,17602,675 WILLOW VALLEY SQUARE,Lancaster,13.05
141,395325,MORAVIAN MANOR,17543,300 WEST LEMON STREET,396079,GARDEN SPOT VILLAGE,17557,433 S KINZER AVENUE,Lancaster,17.83
142,395325,MORAVIAN MANOR,17543,300 WEST LEMON STREET,396119,MT HOPE NAZARENE RETIREMENT COMMUNITY,17545,3026 MOUNT HOPE HOME ROAD,Lancaster,10.5
143,395325,MORAVIAN MANOR,17543,300 WEST LEMON STREET,396128,MAPLE FARM,17501,604 OAK STREET,Lancaster,6.91
144,395325,MORAVIAN MANOR,17543,300 WEST LEMON STREET,396140,REHABILITATION CENTER AT BRETHREN VILLAGE LLC,17606,3001 LITITZ PIKE,Lancaster,3.35
145,395326,"ZERBE SISTERS NURSING CENTER,",17555,2499 ZERBE ROAD,395328,BRETHREN VILLAGE,17606,3001 LITITZ PIKE,Lancaster,24.14
146,395326,"ZERBE SISTERS NURSING CENTER,",17555,2499 ZERBE ROAD,395336,QUARRYVILLE PRESBYTERIAN RETIREMENT COMMUNITY,17566,625 ROBERT FULTON HIGHWAY,Lancaster,28.73
147,395326,"ZERBE SISTERS NURSING CENTER,",17555,2499 ZERBE ROAD,395349,CALVARY FELLOWSHIP HOMES INC,17601,502 ELIZABETH DRIVE,Lancaster,26.05
148,395326,"ZERBE SISTERS NURSING CENTER,",17555,2499 ZERBE ROAD,395400,SUSQUEHANNA VALLEY NURSING & REHABILITATION CENTER,17512,745 CHIQUES HILL ROAD,Lancaster,36.61
149,395326,"ZERBE SISTERS NURSING CENTER,",17555,2499 ZERBE ROAD,395403,HARRISON SENIOR LIVING OF CHRISTIANA,17509,41 NEWPORT AVENUE,Lancaster,17.85
150,395326,"ZERBE SISTERS NURSING CENTER,",17555,2499 ZERBE ROAD,395406,LUTHER ACRES MANOR,17543,400 SAINT LUKE DR,Lancaster,22.47
151,395326,"ZERBE SISTERS NURSING CENTER,",17555,2499 ZERBE ROAD,395469,ELIZABETH MANOR HEALTHCAREANDREHABILITATION CENTER,17022,320 SOUTH MARKET STREET,Lancaster,42.28
152,395326,"ZERBE SISTERS NURSING CENTER,",17555,2499 ZERBE ROAD,395559,"MENNONITE HOME, THE",17601,1520 HARRISBURG PIKE,Lancaster,26.59
153,395326,"ZERBE SISTERS NURSING CENTER,",17555,2499 ZERBE ROAD,395560,MASONIC VILLAGE AT ELIZABETHTOWN,17022,ONE MASONIC DRIVE,Lancaster,44.06
154,395326,"ZERBE SISTERS NURSING CENTER,",17555,2499 ZERBE ROAD,395575,"GARDENS AT STEVENS, THE",17578,400 LANCASTER AVENUE,Lancaster,16.28
155,395326,"ZERBE SISTERS NURSING CENTER,",17555,2499 ZERBE ROAD,395590,KADIMA REHABILITATION & NURSING AT LITITZ,17543,125 SOUTH BROAD STREET,Lancaster,23.48
156,395326,"ZERBE SISTERS NURSING CENTER,",17555,2499 ZERBE ROAD,395631,UNITED ZION RETIREMENT COMMUNI,17543,722 FURNACE HILL PIKE,Lancaster,23.76
157,395326,"ZERBE SISTERS NURSING CENTER,",17555,2499 ZERBE ROAD,395720,"HOMESTEAD VILLAGE, INC",17604,1800 VILLAGE CIRCLE,Lancaster,28.06
158,395326,"ZERBE SISTERS NURSING CENTER,",17555,2499 ZERBE ROAD,395771,LAKESIDE AT WILLOW VALLEY,17584,300 WILLOW VALLEY LAKES DRIVE,Lancaster,32.48
159,395326,"ZERBE SISTERS NURSING CENTER,",17555,2499 ZERBE ROAD,395774,CONESTOGA VIEW,17602,900 EAST KING STREET,Lancaster,26.82
160,395326,"ZERBE SISTERS NURSING CENTER,",17555,2499 ZERBE ROAD,395786,PLEASANT VIEW RETIREMENT COMMUNITY,17545,544 NORTH PENRYN ROAD,Lancaster,29.23
161,395326,"ZERBE SISTERS NURSING CENTER,",17555,2499 ZERBE ROAD,395797,LANDIS HOMES,17543,1001 EAST OREGON ROAD,Lancaster,21.85
162,395326,"ZERBE SISTERS NURSING CENTER,",17555,2499 ZERBE ROAD,395805,FAIRMOUNT HOMES,17522,333 WHEAT RIDGE DRIVE,Lancaster,13.93
163,395326,"ZERBE SISTERS NURSING CENTER,",17555,2499 ZERBE ROAD,395806,ST ANNE'S RETIREMENT COMMUNITY,17512,3952 COLUMBIA AVENUE,Lancaster,33.29
164,395326,"ZERBE SISTERS NURSING CENTER,",17555,2499 ZERBE ROAD,395844,ELIZABETHTOWN HEALTHCARE AND REHAB CENTER,17022,141 HEISEY AVENUE,Lancaster,40.7
165,395326,"ZERBE SISTERS NURSING CENTER,",17555,2499 ZERBE ROAD,395857,EPHRATA MANOR,17522,99 BETHANY ROAD,Lancaster,14.29
166,395326,"ZERBE SISTERS NURSING CENTER,",17555,2499 ZERBE ROAD,395956,GLEN AT WILLOW VALLEY,17602,675 WILLOW VALLEY SQUARE,Lancaster,32.42
167,395326,"ZERBE SISTERS NURSING CENTER,",17555,2499 ZERBE ROAD,396079,GARDEN SPOT VILLAGE,17557,433 S KINZER AVENUE,Lancaster,9.74
168,395326,"ZERBE SISTERS NURSING CENTER,",17555,2499 ZERBE ROAD,396119,MT HOPE NAZARENE RETIREMENT COMMUNITY,17545,3026 MOUNT HOPE HOME ROAD,Lancaster,40.56
169,395326,"ZERBE SISTERS NURSING CENTER,",17555,2499 ZERBE ROAD,396128,MAPLE FARM,17501,604 OAK STREET,Lancaster,16.53
170,395326,"ZERBE SISTERS NURSING CENTER,",17555,2499 ZERBE ROAD,396140,REHABILITATION CENTER AT BRETHREN VILLAGE LLC,17606,3001 LITITZ PIKE,Lancaster,24.14
171,395328,BRETHREN VILLAGE,17606,3001 LITITZ PIKE,395336,QUARRYVILLE PRESBYTERIAN RETIREMENT COMMUNITY,17566,625 ROBERT FULTON HIGHWAY,Lancaster,22.41
172,395328,BRETHREN VILLAGE,17606,3001 LITITZ PIKE,395349,CALVARY FELLOWSHIP HOMES INC,17601,502 ELIZABETH DRIVE,Lancaster,4.77
173,395328,BRETHREN VILLAGE,17606,3001 LITITZ PIKE,395400,SUSQUEHANNA VALLEY NURSING & REHABILITATION CENTER,17512,745 CHIQUES HILL ROAD,Lancaster,15.75
174,395328,BRETHREN VILLAGE,17606,3001 LITITZ PIKE,395403,HARRISON SENIOR LIVING OF CHRISTIANA,17509,41 NEWPORT AVENUE,Lancaster,22.78
175,395328,BRETHREN VILLAGE,17606,3001 LITITZ PIKE,395406,LUTHER ACRES MANOR,17543,400 SAINT LUKE DR,Lancaster,3.39
176,395328,BRETHREN VILLAGE,17606,3001 LITITZ PIKE,395469,ELIZABETH MANOR HEALTHCAREANDREHABILITATION CENTER,17022,320 SOUTH MARKET STREET,Lancaster,19.2
177,395328,BRETHREN VILLAGE,17606,3001 LITITZ PIKE,395559,"MENNONITE HOME, THE",17601,1520 HARRISBURG PIKE,Lancaster,5.73
178,395328,BRETHREN VILLAGE,17606,3001 LITITZ PIKE,395560,MASONIC VILLAGE AT ELIZABETHTOWN,17022,ONE MASONIC DRIVE,Lancaster,20.98
179,395328,BRETHREN VILLAGE,17606,3001 LITITZ PIKE,395575,"GARDENS AT STEVENS, THE",17578,400 LANCASTER AVENUE,Lancaster,13.54
180,395328,BRETHREN VILLAGE,17606,3001 LITITZ PIKE,395590,KADIMA REHABILITATION & NURSING AT LITITZ,17543,125 SOUTH BROAD STREET,Lancaster,3.13
181,395328,BRETHREN VILLAGE,17606,3001 LITITZ PIKE,395631,UNITED ZION RETIREMENT COMMUNI,17543,722 FURNACE HILL PIKE,Lancaster,4.81
182,395328,BRETHREN VILLAGE,17606,3001 LITITZ PIKE,395720,"HOMESTEAD VILLAGE, INC",17604,1800 VILLAGE CIRCLE,Lancaster,7.2
183,395328,BRETHREN VILLAGE,17606,3001 LITITZ PIKE,395771,LAKESIDE AT WILLOW VALLEY,17584,300 WILLOW VALLEY LAKES DRIVE,Lancaster,10.64
184,395328,BRETHREN VILLAGE,17606,3001 LITITZ PIKE,395774,CONESTOGA VIEW,17602,900 EAST KING STREET,Lancaster,7.28
185,395328,BRETHREN VILLAGE,17606,3001 LITITZ PIKE,395786,PLEASANT VIEW RETIREMENT COMMUNITY,17545,544 NORTH PENRYN ROAD,Lancaster,8.56
186,395328,BRETHREN VILLAGE,17606,3001 LITITZ PIKE,395797,LANDIS HOMES,17543,1001 EAST OREGON ROAD,Lancaster,2.66
187,395328,BRETHREN VILLAGE,17606,3001 LITITZ PIKE,395805,FAIRMOUNT HOMES,17522,333 WHEAT RIDGE DRIVE,Lancaster,10.26
188,395328,BRETHREN VILLAGE,17606,3001 LITITZ PIKE,395806,ST ANNE'S RETIREMENT COMMUNITY,17512,3952 COLUMBIA AVENUE,Lancaster,12.44
189,395328,BRETHREN VILLAGE,17606,3001 LITITZ PIKE,395844,ELIZABETHTOWN HEALTHCARE AND REHAB CENTER,17022,141 HEISEY AVENUE,Lancaster,17.62
190,395328,BRETHREN VILLAGE,17606,3001 LITITZ PIKE,395857,EPHRATA MANOR,17522,99 BETHANY ROAD,Lancaster,9.86
191,395328,BRETHREN VILLAGE,17606,3001 LITITZ PIKE,395956,GLEN AT WILLOW VALLEY,17602,675 WILLOW VALLEY SQUARE,Lancaster,9.52
192,395328,BRETHREN VILLAGE,17606,3001 LITITZ PIKE,396079,GARDEN SPOT VILLAGE,17557,433 S KINZER AVENUE,Lancaster,18.16
193,395328,BRETHREN VILLAGE,17606,3001 LITITZ PIKE,396119,MT HOPE NAZARENE RETIREMENT COMMUNITY,17545,3026 MOUNT HOPE HOME ROAD,Lancaster,12.78
194,395328,BRETHREN VILLAGE,17606,3001 LITITZ PIKE,396128,MAPLE FARM,17501,604 OAK STREET,Lancaster,7.68
195,395328,BRETHREN VILLAGE,17606,3001 LITITZ PIKE,396140,REHABILITATION CENTER AT BRETHREN VILLAGE LLC,17606,3001 LITITZ PIKE,Lancaster,0.0
196,395336,QUARRYVILLE PRESBYTERIAN RETIREMENT COMMUNITY,17566,625 ROBERT FULTON HIGHWAY,395349,CALVARY FELLOWSHIP HOMES INC,17601,502 ELIZABETH DRIVE,Lancaster,16.71
197,395336,QUARRYVILLE PRESBYTERIAN RETIREMENT COMMUNITY,17566,625 ROBERT FULTON HIGHWAY,395400,SUSQUEHANNA VALLEY NURSING & REHABILITATION CENTER,17512,745 CHIQUES HILL ROAD,Lancaster,31.0
198,395336,QUARRYVILLE PRESBYTERIAN RETIREMENT COMMUNITY,17566,625 ROBERT FULTON HIGHWAY,395403,HARRISON SENIOR LIVING OF CHRISTIANA,17509,41 NEWPORT AVENUE,Lancaster,11.14
199,395336,QUARRYVILLE PRESBYTERIAN RETIREMENT COMMUNITY,17566,625 ROBERT FULTON HIGHWAY,395406,LUTHER ACRES MANOR,17543,400 SAINT LUKE DR,Lancaster,26.26
200,395336,QUARRYVILLE PRESBYTERIAN RETIREMENT COMMUNITY,17566,625 ROBERT FULTON HIGHWAY,395469,ELIZABETH MANOR HEALTHCAREANDREHABILITATION CENTER,17022,320 SOUTH MARKET STREET,Lancaster,36.67
201,395336,QUARRYVILLE PRESBYTERIAN RETIREMENT COMMUNITY,17566,625 ROBERT FULTON HIGHWAY,395559,"MENNONITE HOME, THE",17601,1520 HARRISBURG PIKE,Lancaster,20.98
202,395336,QUARRYVILLE PRESBYTERIAN RETIREMENT COMMUNITY,17566,625 ROBERT FULTON HIGHWAY,395560,MASONIC VILLAGE AT ELIZABETHTOWN,17022,ONE MASONIC DRIVE,Lancaster,38.44
203,395336,QUARRYVILLE PRESBYTERIAN RETIREMENT COMMUNITY,17566,625 ROBERT FULTON HIGHWAY,395575,"GARDENS AT STEVENS, THE",17578,400 LANCASTER AVENUE,Lancaster,31.75
204,395336,QUARRYVILLE PRESBYTERIAN RETIREMENT COMMUNITY,17566,625 ROBERT FULTON HIGHWAY,395590,KADIMA REHABILITATION & NURSING AT LITITZ,17543,125 SOUTH BROAD STREET,Lancaster,24.68
205,395336,QUARRYVILLE PRESBYTERIAN RETIREMENT COMMUNITY,17566,625 ROBERT FULTON HIGHWAY,395631,UNITED ZION RETIREMENT COMMUNI,17543,722 FURNACE HILL PIKE,Lancaster,26.36
206,395336,QUARRYVILLE PRESBYTERIAN RETIREMENT COMMUNITY,17566,625 ROBERT FULTON HIGHWAY,395720,"HOMESTEAD VILLAGE, INC",17604,1800 VILLAGE CIRCLE,Lancaster,17.88
207,395336,QUARRYVILLE PRESBYTERIAN RETIREMENT COMMUNITY,17566,625 ROBERT FULTON HIGHWAY,395771,LAKESIDE AT WILLOW VALLEY,17584,300 WILLOW VALLEY LAKES DRIVE,Lancaster,10.65
208,395336,QUARRYVILLE PRESBYTERIAN RETIREMENT COMMUNITY,17566,625 ROBERT FULTON HIGHWAY,395774,CONESTOGA VIEW,17602,900 EAST KING STREET,Lancaster,14.12
209,395336,QUARRYVILLE PRESBYTERIAN RETIREMENT COMMUNITY,17566,625 ROBERT FULTON HIGHWAY,395786,PLEASANT VIEW RETIREMENT COMMUNITY,17545,544 NORTH PENRYN ROAD,Lancaster,29.15
210,395336,QUARRYVILLE PRESBYTERIAN RETIREMENT COMMUNITY,17566,625 ROBERT FULTON HIGHWAY,395797,LANDIS HOMES,17543,1001 EAST OREGON ROAD,Lancaster,22.81
211,395336,QUARRYVILLE PRESBYTERIAN RETIREMENT COMMUNITY,17566,625 ROBERT FULTON HIGHWAY,395805,FAIRMOUNT HOMES,17522,333 WHEAT RIDGE DRIVE,Lancaster,22.5
212,395336,QUARRYVILLE PRESBYTERIAN RETIREMENT COMMUNITY,17566,625 ROBERT FULTON HIGHWAY,395806,ST ANNE'S RETIREMENT COMMUNITY,17512,3952 COLUMBIA AVENUE,Lancaster,22.5
213,395336,QUARRYVILLE PRESBYTERIAN RETIREMENT COMMUNITY,17566,625 ROBERT FULTON HIGHWAY,395844,ELIZABETHTOWN HEALTHCARE AND REHAB CENTER,17022,141 HEISEY AVENUE,Lancaster,35.09
214,395336,QUARRYVILLE PRESBYTERIAN RETIREMENT COMMUNITY,17566,625 ROBERT FULTON HIGHWAY,395857,EPHRATA MANOR,17522,99 BETHANY ROAD,Lancaster,29.32
215,395336,QUARRYVILLE PRESBYTERIAN RETIREMENT COMMUNITY,17566,625 ROBERT FULTON HIGHWAY,395956,GLEN AT WILLOW VALLEY,17602,675 WILLOW VALLEY SQUARE,Lancaster,11.72
216,395336,QUARRYVILLE PRESBYTERIAN RETIREMENT COMMUNITY,17566,625 ROBERT FULTON HIGHWAY,396079,GARDEN SPOT VILLAGE,17557,433 S KINZER AVENUE,Lancaster,20.62
217,395336,QUARRYVILLE PRESBYTERIAN RETIREMENT COMMUNITY,17566,625 ROBERT FULTON HIGHWAY,396119,MT HOPE NAZARENE RETIREMENT COMMUNITY,17545,3026 MOUNT HOPE HOME ROAD,Lancaster,34.96
218,395336,QUARRYVILLE PRESBYTERIAN RETIREMENT COMMUNITY,17566,625 ROBERT FULTON HIGHWAY,396128,MAPLE FARM,17501,604 OAK STREET,Lancaster,25.89
219,395336,QUARRYVILLE PRESBYTERIAN RETIREMENT COMMUNITY,17566,625 ROBERT FULTON HIGHWAY,396140,REHABILITATION CENTER AT BRETHREN VILLAGE LLC,17606,3001 LITITZ PIKE,Lancaster,21.65
220,395349,CALVARY FELLOWSHIP HOMES INC,17601,502 ELIZABETH DRIVE,395400,SUSQUEHANNA VALLEY NURSING & REHABILITATION CENTER,17512,745 CHIQUES HILL ROAD,Lancaster,13.57
221,395349,CALVARY FELLOWSHIP HOMES INC,17601,502 ELIZABETH DRIVE,395403,HARRISON SENIOR LIVING OF CHRISTIANA,17509,41 NEWPORT AVENUE,Lancaster,19.19
222,395349,CALVARY FELLOWSHIP HOMES INC,17601,502 ELIZABETH DRIVE,395406,LUTHER ACRES MANOR,17543,400 SAINT LUKE DR,Lancaster,7.52
223,395349,CALVARY FELLOWSHIP HOMES INC,17601,502 ELIZABETH DRIVE,395469,ELIZABETH MANOR HEALTHCAREANDREHABILITATION CENTER,17022,320 SOUTH MARKET STREET,Lancaster,19.24
224,395349,CALVARY FELLOWSHIP HOMES INC,17601,502 ELIZABETH DRIVE,395559,"MENNONITE HOME, THE",17601,1520 HARRISBURG PIKE,Lancaster,3.55
225,395349,CALVARY FELLOWSHIP HOMES INC,17601,502 ELIZABETH DRIVE,395560,MASONIC VILLAGE AT ELIZABETHTOWN,17022,ONE MASONIC DRIVE,Lancaster,21.02
226,395349,CALVARY FELLOWSHIP HOMES INC,17601,502 ELIZABETH DRIVE,395575,"GARDENS AT STEVENS, THE",17578,400 LANCASTER AVENUE,Lancaster,16.08
227,395349,CALVARY FELLOWSHIP HOMES INC,17601,502 ELIZABETH DRIVE,395590,KADIMA REHABILITATION & NURSING AT LITITZ,17543,125 SOUTH BROAD STREET,Lancaster,7.26
228,395349,CALVARY FELLOWSHIP HOMES INC,17601,502 ELIZABETH DRIVE,395631,UNITED ZION RETIREMENT COMMUNI,17543,722 FURNACE HILL PIKE,Lancaster,8.93
229,395349,CALVARY FELLOWSHIP HOMES INC,17601,502 ELIZABETH DRIVE,395720,"HOMESTEAD VILLAGE, INC",17604,1800 VILLAGE CIRCLE,Lancaster,5.02
230,395349,CALVARY FELLOWSHIP HOMES INC,17601,502 ELIZABETH DRIVE,395771,LAKESIDE AT WILLOW VALLEY,17584,300 WILLOW VALLEY LAKES DRIVE,Lancaster,7.97
231,395349,CALVARY FELLOWSHIP HOMES INC,17601,502 ELIZABETH DRIVE,395774,CONESTOGA VIEW,17602,900 EAST KING STREET,Lancaster,2.89
232,395349,CALVARY FELLOWSHIP HOMES INC,17601,502 ELIZABETH DRIVE,395786,PLEASANT VIEW RETIREMENT COMMUNITY,17545,544 NORTH PENRYN ROAD,Lancaster,11.27
233,395349,CALVARY FELLOWSHIP HOMES INC,17601,502 ELIZABETH DRIVE,395797,LANDIS HOMES,17543,1001 EAST OREGON ROAD,Lancaster,5.47
234,395349,CALVARY FELLOWSHIP HOMES INC,17601,502 ELIZABETH DRIVE,395805,FAIRMOUNT HOMES,17522,333 WHEAT RIDGE DRIVE,Lancaster,12.88
235,395349,CALVARY FELLOWSHIP HOMES INC,17601,502 ELIZABETH DRIVE,395806,ST ANNE'S RETIREMENT COMMUNITY,17512,3952 COLUMBIA AVENUE,Lancaster,10.25
236,395349,CALVARY FELLOWSHIP HOMES INC,17601,502 ELIZABETH DRIVE,395844,ELIZABETHTOWN HEALTHCARE AND REHAB CENTER,17022,141 HEISEY AVENUE,Lancaster,17.66
237,395349,CALVARY FELLOWSHIP HOMES INC,17601,502 ELIZABETH DRIVE,395857,EPHRATA MANOR,17522,99 BETHANY ROAD,Lancaster,13.64
238,395349,CALVARY FELLOWSHIP HOMES INC,17601,502 ELIZABETH DRIVE,395956,GLEN AT WILLOW VALLEY,17602,675 WILLOW VALLEY SQUARE,Lancaster,5.99
239,395349,CALVARY FELLOWSHIP HOMES INC,17601,502 ELIZABETH DRIVE,396079,GARDEN SPOT VILLAGE,17557,433 S KINZER AVENUE,Lancaster,13.28
240,395349,CALVARY FELLOWSHIP HOMES INC,17601,502 ELIZABETH DRIVE,396119,MT HOPE NAZARENE RETIREMENT COMMUNITY,17545,3026 MOUNT HOPE HOME ROAD,Lancaster,17.54
241,395349,CALVARY FELLOWSHIP HOMES INC,17601,502 ELIZABETH DRIVE,396128,MAPLE FARM,17501,604 OAK STREET,Lancaster,10.21
242,395349,CALVARY FELLOWSHIP HOMES INC,17601,502 ELIZABETH DRIVE,396140,REHABILITATION CENTER AT BRETHREN VILLAGE LLC,17606,3001 LITITZ PIKE,Lancaster,4.23
243,395400,SUSQUEHANNA VALLEY NURSING & REHABILITATION CENTER,17512,745 CHIQUES HILL ROAD,395403,HARRISON SENIOR LIVING OF CHRISTIANA,17509,41 NEWPORT AVENUE,Lancaster,31.96
244,395400,SUSQUEHANNA VALLEY NURSING & REHABILITATION CENTER,17512,745 CHIQUES HILL ROAD,395406,LUTHER ACRES MANOR,17543,400 SAINT LUKE DR,Lancaster,18.78
245,395400,SUSQUEHANNA VALLEY NURSING & REHABILITATION CENTER,17512,745 CHIQUES HILL ROAD,395469,ELIZABETH MANOR HEALTHCAREANDREHABILITATION CENTER,17022,320 SOUTH MARKET STREET,Lancaster,11.04
246,395400,SUSQUEHANNA VALLEY NURSING & REHABILITATION CENTER,17512,745 CHIQUES HILL ROAD,395559,"MENNONITE HOME, THE",17601,1520 HARRISBURG PIKE,Lancaster,11.06
247,395400,SUSQUEHANNA VALLEY NURSING & REHABILITATION CENTER,17512,745 CHIQUES HILL ROAD,395560,MASONIC VILLAGE AT ELIZABETHTOWN,17022,ONE MASONIC DRIVE,Lancaster,12.77
248,395400,SUSQUEHANNA VALLEY NURSING & REHABILITATION CENTER,17512,745 CHIQUES HILL ROAD,395575,"GARDENS AT STEVENS, THE",17578,400 LANCASTER AVENUE,Lancaster,27.75
249,395400,SUSQUEHANNA VALLEY NURSING & REHABILITATION CENTER,17512,745 CHIQUES HILL ROAD,395590,KADIMA REHABILITATION & NURSING AT LITITZ,17543,125 SOUTH BROAD STREET,Lancaster,18.52
250,395400,SUSQUEHANNA VALLEY NURSING & REHABILITATION CENTER,17512,745 CHIQUES HILL ROAD,395631,UNITED ZION RETIREMENT COMMUNI,17543,722 FURNACE HILL PIKE,Lancaster,20.2
251,395400,SUSQUEHANNA VALLEY NURSING & REHABILITATION CENTER,17512,745 CHIQUES HILL ROAD,395720,"HOMESTEAD VILLAGE, INC",17604,1800 VILLAGE CIRCLE,Lancaster,10.83
252,395400,SUSQUEHANNA VALLEY NURSING & REHABILITATION CENTER,17512,745 CHIQUES HILL ROAD,395771,LAKESIDE AT WILLOW VALLEY,17584,300 WILLOW VALLEY LAKES DRIVE,Lancaster,17.39
253,395400,SUSQUEHANNA VALLEY NURSING & REHABILITATION CENTER,17512,745 CHIQUES HILL ROAD,395774,CONESTOGA VIEW,17602,900 EAST KING STREET,Lancaster,16.48
254,395400,SUSQUEHANNA VALLEY NURSING & REHABILITATION CENTER,17512,745 CHIQUES HILL ROAD,395786,PLEASANT VIEW RETIREMENT COMMUNITY,17545,544 NORTH PENRYN ROAD,Lancaster,15.73
255,395400,SUSQUEHANNA VALLEY NURSING & REHABILITATION CENTER,17512,745 CHIQUES HILL ROAD,395797,LANDIS HOMES,17543,1001 EAST OREGON ROAD,Lancaster,18.81
256,395400,SUSQUEHANNA VALLEY NURSING & REHABILITATION CENTER,17512,745 CHIQUES HILL ROAD,395805,FAIRMOUNT HOMES,17522,333 WHEAT RIDGE DRIVE,Lancaster,24.56
257,395400,SUSQUEHANNA VALLEY NURSING & REHABILITATION CENTER,17512,745 CHIQUES HILL ROAD,395806,ST ANNE'S RETIREMENT COMMUNITY,17512,3952 COLUMBIA AVENUE,Lancaster,3.69
258,395400,SUSQUEHANNA VALLEY NURSING & REHABILITATION CENTER,17512,745 CHIQUES HILL ROAD,395844,ELIZABETHTOWN HEALTHCARE AND REHAB CENTER,17022,141 HEISEY AVENUE,Lancaster,8.69
259,395400,SUSQUEHANNA VALLEY NURSING & REHABILITATION CENTER,17512,745 CHIQUES HILL ROAD,395857,EPHRATA MANOR,17522,99 BETHANY ROAD,Lancaster,25.32
260,395400,SUSQUEHANNA VALLEY NURSING & REHABILITATION CENTER,17512,745 CHIQUES HILL ROAD,395956,GLEN AT WILLOW VALLEY,17602,675 WILLOW VALLEY SQUARE,Lancaster,16.7
261,395400,SUSQUEHANNA VALLEY NURSING & REHABILITATION CENTER,17512,745 CHIQUES HILL ROAD,396079,GARDEN SPOT VILLAGE,17557,433 S KINZER AVENUE,Lancaster,30.65
262,395400,SUSQUEHANNA VALLEY NURSING & REHABILITATION CENTER,17512,745 CHIQUES HILL ROAD,396119,MT HOPE NAZARENE RETIREMENT COMMUNITY,17545,3026 MOUNT HOPE HOME ROAD,Lancaster,14.24
263,395400,SUSQUEHANNA VALLEY NURSING & REHABILITATION CENTER,17512,745 CHIQUES HILL ROAD,396128,MAPLE FARM,17501,604 OAK STREET,Lancaster,21.89
264,395400,SUSQUEHANNA VALLEY NURSING & REHABILITATION CENTER,17512,745 CHIQUES HILL ROAD,396140,REHABILITATION CENTER AT BRETHREN VILLAGE LLC,17606,3001 LITITZ PIKE,Lancaster,15.5
265,395403,HARRISON SENIOR LIVING OF CHRISTIANA,17509,41 NEWPORT AVENUE,395406,LUTHER ACRES MANOR,17543,400 SAINT LUKE DR,Lancaster,23.52
266,395403,HARRISON SENIOR LIVING OF CHRISTIANA,17509,41 NEWPORT AVENUE,395469,ELIZABETH MANOR HEALTHCAREANDREHABILITATION CENTER,17022,320 SOUTH MARKET STREET,Lancaster,37.97
267,395403,HARRISON SENIOR LIVING OF CHRISTIANA,17509,41 NEWPORT AVENUE,395559,"MENNONITE HOME, THE",17601,1520 HARRISBURG PIKE,Lancaster,22.28
268,395403,HARRISON SENIOR LIVING OF CHRISTIANA,17509,41 NEWPORT AVENUE,395560,MASONIC VILLAGE AT ELIZABETHTOWN,17022,ONE MASONIC DRIVE,Lancaster,39.75
269,395403,HARRISON SENIOR LIVING OF CHRISTIANA,17509,41 NEWPORT AVENUE,395575,"GARDENS AT STEVENS, THE",17578,400 LANCASTER AVENUE,Lancaster,22.85
270,395403,HARRISON SENIOR LIVING OF CHRISTIANA,17509,41 NEWPORT AVENUE,395590,KADIMA REHABILITATION & NURSING AT LITITZ,17543,125 SOUTH BROAD STREET,Lancaster,24.54
271,395403,HARRISON SENIOR LIVING OF CHRISTIANA,17509,41 NEWPORT AVENUE,395631,UNITED ZION RETIREMENT COMMUNI,17543,722 FURNACE HILL PIKE,Lancaster,24.81
272,395403,HARRISON SENIOR LIVING OF CHRISTIANA,17509,41 NEWPORT AVENUE,395720,"HOMESTEAD VILLAGE, INC",17604,1800 VILLAGE CIRCLE,Lancaster,23.75
273,395403,HARRISON SENIOR LIVING OF CHRISTIANA,17509,41 NEWPORT AVENUE,395771,LAKESIDE AT WILLOW VALLEY,17584,300 WILLOW VALLEY LAKES DRIVE,Lancaster,16.66
274,395403,HARRISON SENIOR LIVING OF CHRISTIANA,17509,41 NEWPORT AVENUE,395774,CONESTOGA VIEW,17602,900 EAST KING STREET,Lancaster,18.5
275,395403,HARRISON SENIOR LIVING OF CHRISTIANA,17509,41 NEWPORT AVENUE,395786,PLEASANT VIEW RETIREMENT COMMUNITY,17545,544 NORTH PENRYN ROAD,Lancaster,30.46
276,395403,HARRISON SENIOR LIVING OF CHRISTIANA,17509,41 NEWPORT AVENUE,395797,LANDIS HOMES,17543,1001 EAST OREGON ROAD,Lancaster,20.27
277,395403,HARRISON SENIOR LIVING OF CHRISTIANA,17509,41 NEWPORT AVENUE,395805,FAIRMOUNT HOMES,17522,333 WHEAT RIDGE DRIVE,Lancaster,16.32
278,395403,HARRISON SENIOR LIVING OF CHRISTIANA,17509,41 NEWPORT AVENUE,395806,ST ANNE'S RETIREMENT COMMUNITY,17512,3952 COLUMBIA AVENUE,Lancaster,28.98
279,395403,HARRISON SENIOR LIVING OF CHRISTIANA,17509,41 NEWPORT AVENUE,395844,ELIZABETHTOWN HEALTHCARE AND REHAB CENTER,17022,141 HEISEY AVENUE,Lancaster,36.39
280,395403,HARRISON SENIOR LIVING OF CHRISTIANA,17509,41 NEWPORT AVENUE,395857,EPHRATA MANOR,17522,99 BETHANY ROAD,Lancaster,19.31
281,395403,HARRISON SENIOR LIVING OF CHRISTIANA,17509,41 NEWPORT AVENUE,395956,GLEN AT WILLOW VALLEY,17602,675 WILLOW VALLEY SQUARE,Lancaster,17.73
282,395403,HARRISON SENIOR LIVING OF CHRISTIANA,17509,41 NEWPORT AVENUE,396079,GARDEN SPOT VILLAGE,17557,433 S KINZER AVENUE,Lancaster,13.08
283,395403,HARRISON SENIOR LIVING OF CHRISTIANA,17509,41 NEWPORT AVENUE,396119,MT HOPE NAZARENE RETIREMENT COMMUNITY,17545,3026 MOUNT HOPE HOME ROAD,Lancaster,36.27
284,395403,HARRISON SENIOR LIVING OF CHRISTIANA,17509,41 NEWPORT AVENUE,396128,MAPLE FARM,17501,604 OAK STREET,Lancaster,20.33
285,395403,HARRISON SENIOR LIVING OF CHRISTIANA,17509,41 NEWPORT AVENUE,396140,REHABILITATION CENTER AT BRETHREN VILLAGE LLC,17606,3001 LITITZ PIKE,Lancaster,22.96
286,395406,LUTHER ACRES MANOR,17543,400 SAINT LUKE DR,395469,ELIZABETH MANOR HEALTHCAREANDREHABILITATION CENTER,17022,320 SOUTH MARKET STREET,Lancaster,19.15
287,395406,LUTHER ACRES MANOR,17543,400 SAINT LUKE DR,395559,"MENNONITE HOME, THE",17601,1520 HARRISBURG PIKE,Lancaster,8.46
288,395406,LUTHER ACRES MANOR,17543,400 SAINT LUKE DR,395560,MASONIC VILLAGE AT ELIZABETHTOWN,17022,ONE MASONIC DRIVE,Lancaster,20.93
289,395406,LUTHER ACRES MANOR,17543,400 SAINT LUKE DR,395575,"GARDENS AT STEVENS, THE",17578,400 LANCASTER AVENUE,Lancaster,10.62
290,395406,LUTHER ACRES MANOR,17543,400 SAINT LUKE DR,395590,KADIMA REHABILITATION & NURSING AT LITITZ,17543,125 SOUTH BROAD STREET,Lancaster,1.24
291,395406,LUTHER ACRES MANOR,17543,400 SAINT LUKE DR,395631,UNITED ZION RETIREMENT COMMUNI,17543,722 FURNACE HILL PIKE,Lancaster,2.74
292,395406,LUTHER ACRES MANOR,17543,400 SAINT LUKE DR,395720,"HOMESTEAD VILLAGE, INC",17604,1800 VILLAGE CIRCLE,Lancaster,9.92
293,395406,LUTHER ACRES MANOR,17543,400 SAINT LUKE DR,395771,LAKESIDE AT WILLOW VALLEY,17584,300 WILLOW VALLEY LAKES DRIVE,Lancaster,17.2
294,395406,LUTHER ACRES MANOR,17543,400 SAINT LUKE DR,395774,CONESTOGA VIEW,17602,900 EAST KING STREET,Lancaster,11.54
295,395406,LUTHER ACRES MANOR,17543,400 SAINT LUKE DR,395786,PLEASANT VIEW RETIREMENT COMMUNITY,17545,544 NORTH PENRYN ROAD,Lancaster,6.66
296,395406,LUTHER ACRES MANOR,17543,400 SAINT LUKE DR,395797,LANDIS HOMES,17543,1001 EAST OREGON ROAD,Lancaster,4.11
297,395406,LUTHER ACRES MANOR,17543,400 SAINT LUKE DR,395805,FAIRMOUNT HOMES,17522,333 WHEAT RIDGE DRIVE,Lancaster,9.91
298,395406,LUTHER ACRES MANOR,17543,400 SAINT LUKE DR,395806,ST ANNE'S RETIREMENT COMMUNITY,17512,3952 COLUMBIA AVENUE,Lancaster,15.16
299,395406,LUTHER ACRES MANOR,17543,400 SAINT LUKE DR,395844,ELIZABETHTOWN HEALTHCARE AND REHAB CENTER,17022,141 HEISEY AVENUE,Lancaster,17.57
300,395406,LUTHER ACRES MANOR,17543,400 SAINT LUKE DR,395857,EPHRATA MANOR,17522,99 BETHANY ROAD,Lancaster,7.15
301,395406,LUTHER ACRES MANOR,17543,400 SAINT LUKE DR,395956,GLEN AT WILLOW VALLEY,17602,675 WILLOW VALLEY SQUARE,Lancaster,12.24
302,395406,LUTHER ACRES MANOR,17543,400 SAINT LUKE DR,396079,GARDEN SPOT VILLAGE,17557,433 S KINZER AVENUE,Lancaster,16.41
303,395406,LUTHER ACRES MANOR,17543,400 SAINT LUKE DR,396119,MT HOPE NAZARENE RETIREMENT COMMUNITY,17545,3026 MOUNT HOPE HOME ROAD,Lancaster,11.74
304,395406,LUTHER ACRES MANOR,17543,400 SAINT LUKE DR,396128,MAPLE FARM,17501,604 OAK STREET,Lancaster,5.49
305,395406,LUTHER ACRES MANOR,17543,400 SAINT LUKE DR,396140,REHABILITATION CENTER AT BRETHREN VILLAGE LLC,17606,3001 LITITZ PIKE,Lancaster,3.38
306,395469,ELIZABETH MANOR HEALTHCAREANDREHABILITATION CENTER,17022,320 SOUTH MARKET STREET,395559,"MENNONITE HOME, THE",17601,1520 HARRISBURG PIKE,Lancaster,17.32
307,395469,ELIZABETH MANOR HEALTHCAREANDREHABILITATION CENTER,17022,320 SOUTH MARKET STREET,395560,MASONIC VILLAGE AT ELIZABETHTOWN,17022,ONE MASONIC DRIVE,Lancaster,1.85
308,395469,ELIZABETH MANOR HEALTHCAREANDREHABILITATION CENTER,17022,320 SOUTH MARKET STREET,395575,"GARDENS AT STEVENS, THE",17578,400 LANCASTER AVENUE,Lancaster,33.18
309,395469,ELIZABETH MANOR HEALTHCAREANDREHABILITATION CENTER,17022,320 SOUTH MARKET STREET,395590,KADIMA REHABILITATION & NURSING AT LITITZ,17543,125 SOUTH BROAD STREET,Lancaster,18.17
310,395469,ELIZABETH MANOR HEALTHCAREANDREHABILITATION CENTER,17022,320 SOUTH MARKET STREET,395631,UNITED ZION RETIREMENT COMMUNI,17543,722 FURNACE HILL PIKE,Lancaster,18.69
311,395469,ELIZABETH MANOR HEALTHCAREANDREHABILITATION CENTER,17022,320 SOUTH MARKET STREET,395720,"HOMESTEAD VILLAGE, INC",17604,1800 VILLAGE CIRCLE,Lancaster,18.59
312,395469,ELIZABETH MANOR HEALTHCAREANDREHABILITATION CENTER,17022,320 SOUTH MARKET STREET,395771,LAKESIDE AT WILLOW VALLEY,17584,300 WILLOW VALLEY LAKES DRIVE,Lancaster,27.56
313,395469,ELIZABETH MANOR HEALTHCAREANDREHABILITATION CENTER,17022,320 SOUTH MARKET STREET,395774,CONESTOGA VIEW,17602,900 EAST KING STREET,Lancaster,21.9
314,395469,ELIZABETH MANOR HEALTHCAREANDREHABILITATION CENTER,17022,320 SOUTH MARKET STREET,395786,PLEASANT VIEW RETIREMENT COMMUNITY,17545,544 NORTH PENRYN ROAD,Lancaster,15.26
315,395469,ELIZABETH MANOR HEALTHCAREANDREHABILITATION CENTER,17022,320 SOUTH MARKET STREET,395797,LANDIS HOMES,17543,1001 EAST OREGON ROAD,Lancaster,24.24
316,395469,ELIZABETH MANOR HEALTHCAREANDREHABILITATION CENTER,17022,320 SOUTH MARKET STREET,395805,FAIRMOUNT HOMES,17522,333 WHEAT RIDGE DRIVE,Lancaster,29.99
317,395469,ELIZABETH MANOR HEALTHCAREANDREHABILITATION CENTER,17022,320 SOUTH MARKET STREET,395806,ST ANNE'S RETIREMENT COMMUNITY,17512,3952 COLUMBIA AVENUE,Lancaster,14.88
318,395469,ELIZABETH MANOR HEALTHCAREANDREHABILITATION CENTER,17022,320 SOUTH MARKET STREET,395844,ELIZABETHTOWN HEALTHCARE AND REHAB CENTER,17022,141 HEISEY AVENUE,Lancaster,2.08
319,395469,ELIZABETH MANOR HEALTHCAREANDREHABILITATION CENTER,17022,320 SOUTH MARKET STREET,395857,EPHRATA MANOR,17522,99 BETHANY ROAD,Lancaster,30.75
320,395469,ELIZABETH MANOR HEALTHCAREANDREHABILITATION CENTER,17022,320 SOUTH MARKET STREET,395956,GLEN AT WILLOW VALLEY,17602,675 WILLOW VALLEY SQUARE,Lancaster,23.2
321,395469,ELIZABETH MANOR HEALTHCAREANDREHABILITATION CENTER,17022,320 SOUTH MARKET STREET,396079,GARDEN SPOT VILLAGE,17557,433 S KINZER AVENUE,Lancaster,36.08
322,395469,ELIZABETH MANOR HEALTHCAREANDREHABILITATION CENTER,17022,320 SOUTH MARKET STREET,396119,MT HOPE NAZARENE RETIREMENT COMMUNITY,17545,3026 MOUNT HOPE HOME ROAD,Lancaster,9.63
323,395469,ELIZABETH MANOR HEALTHCAREANDREHABILITATION CENTER,17022,320 SOUTH MARKET STREET,396128,MAPLE FARM,17501,604 OAK STREET,Lancaster,27.32
324,395469,ELIZABETH MANOR HEALTHCAREANDREHABILITATION CENTER,17022,320 SOUTH MARKET STREET,396140,REHABILITATION CENTER AT BRETHREN VILLAGE LLC,17606,3001 LITITZ PIKE,Lancaster,20.92
325,395559,"MENNONITE HOME, THE",17601,1520 HARRISBURG PIKE,395560,MASONIC VILLAGE AT ELIZABETHTOWN,17022,ONE MASONIC DRIVE,Lancaster,19.31
326,395559,"MENNONITE HOME, THE",17601,1520 HARRISBURG PIKE,395575,"GARDENS AT STEVENS, THE",17578,400 LANCASTER AVENUE,Lancaster,17.62
327,395559,"MENNONITE HOME, THE",17601,1520 HARRISBURG PIKE,395590,KADIMA REHABILITATION & NURSING AT LITITZ,17543,125 SOUTH BROAD STREET,Lancaster,8.39
328,395559,"MENNONITE HOME, THE",17601,1520 HARRISBURG PIKE,395631,UNITED ZION RETIREMENT COMMUNI,17543,722 FURNACE HILL PIKE,Lancaster,10.06
329,395559,"MENNONITE HOME, THE",17601,1520 HARRISBURG PIKE,395720,"HOMESTEAD VILLAGE, INC",17604,1800 VILLAGE CIRCLE,Lancaster,1.77
330,395559,"MENNONITE HOME, THE",17601,1520 HARRISBURG PIKE,395771,LAKESIDE AT WILLOW VALLEY,17584,300 WILLOW VALLEY LAKES DRIVE,Lancaster,7.67
331,395559,"MENNONITE HOME, THE",17601,1520 HARRISBURG PIKE,395774,CONESTOGA VIEW,17602,900 EAST KING STREET,Lancaster,6.34
332,395559,"MENNONITE HOME, THE",17601,1520 HARRISBURG PIKE,395786,PLEASANT VIEW RETIREMENT COMMUNITY,17545,544 NORTH PENRYN ROAD,Lancaster,10.4
333,395559,"MENNONITE HOME, THE",17601,1520 HARRISBURG PIKE,395797,LANDIS HOMES,17543,1001 EAST OREGON ROAD,Lancaster,8.68
334,395559,"MENNONITE HOME, THE",17601,1520 HARRISBURG PIKE,395805,FAIRMOUNT HOMES,17522,333 WHEAT RIDGE DRIVE,Lancaster,14.43
335,395559,"MENNONITE HOME, THE",17601,1520 HARRISBURG PIKE,395806,ST ANNE'S RETIREMENT COMMUNITY,17512,3952 COLUMBIA AVENUE,Lancaster,7.43
336,395559,"MENNONITE HOME, THE",17601,1520 HARRISBURG PIKE,395844,ELIZABETHTOWN HEALTHCARE AND REHAB CENTER,17022,141 HEISEY AVENUE,Lancaster,15.95
337,395559,"MENNONITE HOME, THE",17601,1520 HARRISBURG PIKE,395857,EPHRATA MANOR,17522,99 BETHANY ROAD,Lancaster,15.19
338,395559,"MENNONITE HOME, THE",17601,1520 HARRISBURG PIKE,395956,GLEN AT WILLOW VALLEY,17602,675 WILLOW VALLEY SQUARE,Lancaster,6.56
339,395559,"MENNONITE HOME, THE",17601,1520 HARRISBURG PIKE,396079,GARDEN SPOT VILLAGE,17557,433 S KINZER AVENUE,Lancaster,20.52
340,395559,"MENNONITE HOME, THE",17601,1520 HARRISBURG PIKE,396119,MT HOPE NAZARENE RETIREMENT COMMUNITY,17545,3026 MOUNT HOPE HOME ROAD,Lancaster,15.83
341,395559,"MENNONITE HOME, THE",17601,1520 HARRISBURG PIKE,396128,MAPLE FARM,17501,604 OAK STREET,Lancaster,11.76
342,395559,"MENNONITE HOME, THE",17601,1520 HARRISBURG PIKE,396140,REHABILITATION CENTER AT BRETHREN VILLAGE LLC,17606,3001 LITITZ PIKE,Lancaster,5.36
343,395560,MASONIC VILLAGE AT ELIZABETHTOWN,17022,ONE MASONIC DRIVE,395575,"GARDENS AT STEVENS, THE",17578,400 LANCASTER AVENUE,Lancaster,34.95
344,395560,MASONIC VILLAGE AT ELIZABETHTOWN,17022,ONE MASONIC DRIVE,395590,KADIMA REHABILITATION & NURSING AT LITITZ,17543,125 SOUTH BROAD STREET,Lancaster,19.94
345,395560,MASONIC VILLAGE AT ELIZABETHTOWN,17022,ONE MASONIC DRIVE,395631,UNITED ZION RETIREMENT COMMUNI,17543,722 FURNACE HILL PIKE,Lancaster,20.25
346,395560,MASONIC VILLAGE AT ELIZABETHTOWN,17022,ONE MASONIC DRIVE,395720,"HOMESTEAD VILLAGE, INC",17604,1800 VILLAGE CIRCLE,Lancaster,20.36
347,395560,MASONIC VILLAGE AT ELIZABETHTOWN,17022,ONE MASONIC DRIVE,395771,LAKESIDE AT WILLOW VALLEY,17584,300 WILLOW VALLEY LAKES DRIVE,Lancaster,29.34
348,395560,MASONIC VILLAGE AT ELIZABETHTOWN,17022,ONE MASONIC DRIVE,395774,CONESTOGA VIEW,17602,900 EAST KING STREET,Lancaster,23.68
349,395560,MASONIC VILLAGE AT ELIZABETHTOWN,17022,ONE MASONIC DRIVE,395786,PLEASANT VIEW RETIREMENT COMMUNITY,17545,544 NORTH PENRYN ROAD,Lancaster,16.82
350,395560,MASONIC VILLAGE AT ELIZABETHTOWN,17022,ONE MASONIC DRIVE,395797,LANDIS HOMES,17543,1001 EAST OREGON ROAD,Lancaster,26.01
351,395560,MASONIC VILLAGE AT ELIZABETHTOWN,17022,ONE MASONIC DRIVE,395805,FAIRMOUNT HOMES,17522,333 WHEAT RIDGE DRIVE,Lancaster,31.76
352,395560,MASONIC VILLAGE AT ELIZABETHTOWN,17022,ONE MASONIC DRIVE,395806,ST ANNE'S RETIREMENT COMMUNITY,17512,3952 COLUMBIA AVENUE,Lancaster,16.63
353,395560,MASONIC VILLAGE AT ELIZABETHTOWN,17022,ONE MASONIC DRIVE,395844,ELIZABETHTOWN HEALTHCARE AND REHAB CENTER,17022,141 HEISEY AVENUE,Lancaster,3.85
354,395560,MASONIC VILLAGE AT ELIZABETHTOWN,17022,ONE MASONIC DRIVE,395857,EPHRATA MANOR,17522,99 BETHANY ROAD,Lancaster,32.52
355,395560,MASONIC VILLAGE AT ELIZABETHTOWN,17022,ONE MASONIC DRIVE,395956,GLEN AT WILLOW VALLEY,17602,675 WILLOW VALLEY SQUARE,Lancaster,24.97
356,395560,MASONIC VILLAGE AT ELIZABETHTOWN,17022,ONE MASONIC DRIVE,396079,GARDEN SPOT VILLAGE,17557,433 S KINZER AVENUE,Lancaster,37.85
357,395560,MASONIC VILLAGE AT ELIZABETHTOWN,17022,ONE MASONIC DRIVE,396119,MT HOPE NAZARENE RETIREMENT COMMUNITY,17545,3026 MOUNT HOPE HOME ROAD,Lancaster,11.19
358,395560,MASONIC VILLAGE AT ELIZABETHTOWN,17022,ONE MASONIC DRIVE,396128,MAPLE FARM,17501,604 OAK STREET,Lancaster,29.09
359,395560,MASONIC VILLAGE AT ELIZABETHTOWN,17022,ONE MASONIC DRIVE,396140,REHABILITATION CENTER AT BRETHREN VILLAGE LLC,17606,3001 LITITZ PIKE,Lancaster,22.7
360,395575,"GARDENS AT STEVENS, THE",17578,400 LANCASTER AVENUE,395590,KADIMA REHABILITATION & NURSING AT LITITZ,17543,125 SOUTH BROAD STREET,Lancaster,13.05
361,395575,"GARDENS AT STEVENS, THE",17578,400 LANCASTER AVENUE,395631,UNITED ZION RETIREMENT COMMUNI,17543,722 FURNACE HILL PIKE,Lancaster,11.38
362,395575,"GARDENS AT STEVENS, THE",17578,400 LANCASTER AVENUE,395720,"HOMESTEAD VILLAGE, INC",17604,1800 VILLAGE CIRCLE,Lancaster,18.44
363,395575,"GARDENS AT STEVENS, THE",17578,400 LANCASTER AVENUE,395771,LAKESIDE AT WILLOW VALLEY,17584,300 WILLOW VALLEY LAKES DRIVE,Lancaster,22.85
364,395575,"GARDENS AT STEVENS, THE",17578,400 LANCASTER AVENUE,395774,CONESTOGA VIEW,17602,900 EAST KING STREET,Lancaster,17.19
365,395575,"GARDENS AT STEVENS, THE",17578,400 LANCASTER AVENUE,395786,PLEASANT VIEW RETIREMENT COMMUNITY,17545,544 NORTH PENRYN ROAD,Lancaster,14.57
366,395575,"GARDENS AT STEVENS, THE",17578,400 LANCASTER AVENUE,395797,LANDIS HOMES,17543,1001 EAST OREGON ROAD,Lancaster,11.01
367,395575,"GARDENS AT STEVENS, THE",17578,400 LANCASTER AVENUE,395805,FAIRMOUNT HOMES,17522,333 WHEAT RIDGE DRIVE,Lancaster,8.78
368,395575,"GARDENS AT STEVENS, THE",17578,400 LANCASTER AVENUE,395806,ST ANNE'S RETIREMENT COMMUNITY,17512,3952 COLUMBIA AVENUE,Lancaster,23.67
369,395575,"GARDENS AT STEVENS, THE",17578,400 LANCASTER AVENUE,395844,ELIZABETHTOWN HEALTHCARE AND REHAB CENTER,17022,141 HEISEY AVENUE,Lancaster,31.08
370,395575,"GARDENS AT STEVENS, THE",17578,400 LANCASTER AVENUE,395857,EPHRATA MANOR,17522,99 BETHANY ROAD,Lancaster,5.52
371,395575,"GARDENS AT STEVENS, THE",17578,400 LANCASTER AVENUE,395956,GLEN AT WILLOW VALLEY,17602,675 WILLOW VALLEY SQUARE,Lancaster,22.8
372,395575,"GARDENS AT STEVENS, THE",17578,400 LANCASTER AVENUE,396079,GARDEN SPOT VILLAGE,17557,433 S KINZER AVENUE,Lancaster,11.37
373,395575,"GARDENS AT STEVENS, THE",17578,400 LANCASTER AVENUE,396119,MT HOPE NAZARENE RETIREMENT COMMUNITY,17545,3026 MOUNT HOPE HOME ROAD,Lancaster,19.31
374,395575,"GARDENS AT STEVENS, THE",17578,400 LANCASTER AVENUE,396128,MAPLE FARM,17501,604 OAK STREET,Lancaster,6.06
375,395575,"GARDENS AT STEVENS, THE",17578,400 LANCASTER AVENUE,396140,REHABILITATION CENTER AT BRETHREN VILLAGE LLC,17606,3001 LITITZ PIKE,Lancaster,13.42
376,395590,KADIMA REHABILITATION & NURSING AT LITITZ,17543,125 SOUTH BROAD STREET,395631,UNITED ZION RETIREMENT COMMUNI,17543,722 FURNACE HILL PIKE,Lancaster,1.68
377,395590,KADIMA REHABILITATION & NURSING AT LITITZ,17543,125 SOUTH BROAD STREET,395720,"HOMESTEAD VILLAGE, INC",17604,1800 VILLAGE CIRCLE,Lancaster,9.69
378,395590,KADIMA REHABILITATION & NURSING AT LITITZ,17543,125 SOUTH BROAD STREET,395771,LAKESIDE AT WILLOW VALLEY,17584,300 WILLOW VALLEY LAKES DRIVE,Lancaster,13.13
379,395590,KADIMA REHABILITATION & NURSING AT LITITZ,17543,125 SOUTH BROAD STREET,395774,CONESTOGA VIEW,17602,900 EAST KING STREET,Lancaster,9.77
380,395590,KADIMA REHABILITATION & NURSING AT LITITZ,17543,125 SOUTH BROAD STREET,395786,PLEASANT VIEW RETIREMENT COMMUNITY,17545,544 NORTH PENRYN ROAD,Lancaster,4.99
381,395590,KADIMA REHABILITATION & NURSING AT LITITZ,17543,125 SOUTH BROAD STREET,395797,LANDIS HOMES,17543,1001 EAST OREGON ROAD,Lancaster,4.41
382,395590,KADIMA REHABILITATION & NURSING AT LITITZ,17543,125 SOUTH BROAD STREET,395805,FAIRMOUNT HOMES,17522,333 WHEAT RIDGE DRIVE,Lancaster,10.89
383,395590,KADIMA REHABILITATION & NURSING AT LITITZ,17543,125 SOUTH BROAD STREET,395806,ST ANNE'S RETIREMENT COMMUNITY,17512,3952 COLUMBIA AVENUE,Lancaster,14.93
384,395590,KADIMA REHABILITATION & NURSING AT LITITZ,17543,125 SOUTH BROAD STREET,395844,ELIZABETHTOWN HEALTHCARE AND REHAB CENTER,17022,141 HEISEY AVENUE,Lancaster,16.63
385,395590,KADIMA REHABILITATION & NURSING AT LITITZ,17543,125 SOUTH BROAD STREET,395857,EPHRATA MANOR,17522,99 BETHANY ROAD,Lancaster,8.12
386,395590,KADIMA REHABILITATION & NURSING AT LITITZ,17543,125 SOUTH BROAD STREET,395956,GLEN AT WILLOW VALLEY,17602,675 WILLOW VALLEY SQUARE,Lancaster,12.01
387,395590,KADIMA REHABILITATION & NURSING AT LITITZ,17543,125 SOUTH BROAD STREET,396079,GARDEN SPOT VILLAGE,17557,433 S KINZER AVENUE,Lancaster,17.38
388,395590,KADIMA REHABILITATION & NURSING AT LITITZ,17543,125 SOUTH BROAD STREET,396119,MT HOPE NAZARENE RETIREMENT COMMUNITY,17545,3026 MOUNT HOPE HOME ROAD,Lancaster,10.8
389,395590,KADIMA REHABILITATION & NURSING AT LITITZ,17543,125 SOUTH BROAD STREET,396128,MAPLE FARM,17501,604 OAK STREET,Lancaster,6.46
390,395590,KADIMA REHABILITATION & NURSING AT LITITZ,17543,125 SOUTH BROAD STREET,396140,REHABILITATION CENTER AT BRETHREN VILLAGE LLC,17606,3001 LITITZ PIKE,Lancaster,3.14
391,395631,UNITED ZION RETIREMENT COMMUNI,17543,722 FURNACE HILL PIKE,395720,"HOMESTEAD VILLAGE, INC",17604,1800 VILLAGE CIRCLE,Lancaster,11.37
392,395631,UNITED ZION RETIREMENT COMMUNI,17543,722 FURNACE HILL PIKE,395771,LAKESIDE AT WILLOW VALLEY,17584,300 WILLOW VALLEY LAKES DRIVE,Lancaster,21.46
393,395631,UNITED ZION RETIREMENT COMMUNI,17543,722 FURNACE HILL PIKE,395774,CONESTOGA VIEW,17602,900 EAST KING STREET,Lancaster,15.8
394,395631,UNITED ZION RETIREMENT COMMUNI,17543,722 FURNACE HILL PIKE,395786,PLEASANT VIEW RETIREMENT COMMUNITY,17545,544 NORTH PENRYN ROAD,Lancaster,5.85
395,395631,UNITED ZION RETIREMENT COMMUNI,17543,722 FURNACE HILL PIKE,395797,LANDIS HOMES,17543,1001 EAST OREGON ROAD,Lancaster,6.76
396,395631,UNITED ZION RETIREMENT COMMUNI,17543,722 FURNACE HILL PIKE,395805,FAIRMOUNT HOMES,17522,333 WHEAT RIDGE DRIVE,Lancaster,11.18
397,395631,UNITED ZION RETIREMENT COMMUNI,17543,722 FURNACE HILL PIKE,395806,ST ANNE'S RETIREMENT COMMUNITY,17512,3952 COLUMBIA AVENUE,Lancaster,16.6
398,395631,UNITED ZION RETIREMENT COMMUNI,17543,722 FURNACE HILL PIKE,395844,ELIZABETHTOWN HEALTHCARE AND REHAB CENTER,17022,141 HEISEY AVENUE,Lancaster,17.72
399,395631,UNITED ZION RETIREMENT COMMUNI,17543,722 FURNACE HILL PIKE,395857,EPHRATA MANOR,17522,99 BETHANY ROAD,Lancaster,8.42
400,395631,UNITED ZION RETIREMENT COMMUNI,17543,722 FURNACE HILL PIKE,395956,GLEN AT WILLOW VALLEY,17602,675 WILLOW VALLEY SQUARE,Lancaster,13.69
401,395631,UNITED ZION RETIREMENT COMMUNI,17543,722 FURNACE HILL PIKE,396079,GARDEN SPOT VILLAGE,17557,433 S KINZER AVENUE,Lancaster,17.68
402,395631,UNITED ZION RETIREMENT COMMUNI,17543,722 FURNACE HILL PIKE,396119,MT HOPE NAZARENE RETIREMENT COMMUNITY,17545,3026 MOUNT HOPE HOME ROAD,Lancaster,10.37
403,395631,UNITED ZION RETIREMENT COMMUNI,17543,722 FURNACE HILL PIKE,396128,MAPLE FARM,17501,604 OAK STREET,Lancaster,6.76
404,395631,UNITED ZION RETIREMENT COMMUNI,17543,722 FURNACE HILL PIKE,396140,REHABILITATION CENTER AT BRETHREN VILLAGE LLC,17606,3001 LITITZ PIKE,Lancaster,4.82
405,395720,"HOMESTEAD VILLAGE, INC",17604,1800 VILLAGE CIRCLE,395771,LAKESIDE AT WILLOW VALLEY,17584,300 WILLOW VALLEY LAKES DRIVE,Lancaster,7.46
406,395720,"HOMESTEAD VILLAGE, INC",17604,1800 VILLAGE CIRCLE,395774,CONESTOGA VIEW,17602,900 EAST KING STREET,Lancaster,4.16
407,395720,"HOMESTEAD VILLAGE, INC",17604,1800 VILLAGE CIRCLE,395786,PLEASANT VIEW RETIREMENT COMMUNITY,17545,544 NORTH PENRYN ROAD,Lancaster,11.74
408,395720,"HOMESTEAD VILLAGE, INC",17604,1800 VILLAGE CIRCLE,395797,LANDIS HOMES,17543,1001 EAST OREGON ROAD,Lancaster,10.68
409,395720,"HOMESTEAD VILLAGE, INC",17604,1800 VILLAGE CIRCLE,395805,FAIRMOUNT HOMES,17522,333 WHEAT RIDGE DRIVE,Lancaster,16.43
410,395720,"HOMESTEAD VILLAGE, INC",17604,1800 VILLAGE CIRCLE,395806,ST ANNE'S RETIREMENT COMMUNITY,17512,3952 COLUMBIA AVENUE,Lancaster,7.49
411,395720,"HOMESTEAD VILLAGE, INC",17604,1800 VILLAGE CIRCLE,395844,ELIZABETHTOWN HEALTHCARE AND REHAB CENTER,17022,141 HEISEY AVENUE,Lancaster,17.29
412,395720,"HOMESTEAD VILLAGE, INC",17604,1800 VILLAGE CIRCLE,395857,EPHRATA MANOR,17522,99 BETHANY ROAD,Lancaster,17.19
413,395720,"HOMESTEAD VILLAGE, INC",17604,1800 VILLAGE CIRCLE,395956,GLEN AT WILLOW VALLEY,17602,675 WILLOW VALLEY SQUARE,Lancaster,6.35
414,395720,"HOMESTEAD VILLAGE, INC",17604,1800 VILLAGE CIRCLE,396079,GARDEN SPOT VILLAGE,17557,433 S KINZER AVENUE,Lancaster,22.52
415,395720,"HOMESTEAD VILLAGE, INC",17604,1800 VILLAGE CIRCLE,396119,MT HOPE NAZARENE RETIREMENT COMMUNITY,17545,3026 MOUNT HOPE HOME ROAD,Lancaster,17.17
416,395720,"HOMESTEAD VILLAGE, INC",17604,1800 VILLAGE CIRCLE,396128,MAPLE FARM,17501,604 OAK STREET,Lancaster,13.76
417,395720,"HOMESTEAD VILLAGE, INC",17604,1800 VILLAGE CIRCLE,396140,REHABILITATION CENTER AT BRETHREN VILLAGE LLC,17606,3001 LITITZ PIKE,Lancaster,7.37
418,395771,LAKESIDE AT WILLOW VALLEY,17584,300 WILLOW VALLEY LAKES DRIVE,395774,CONESTOGA VIEW,17602,900 EAST KING STREET,Lancaster,4.91
419,395771,LAKESIDE AT WILLOW VALLEY,17584,300 WILLOW VALLEY LAKES DRIVE,395786,PLEASANT VIEW RETIREMENT COMMUNITY,17545,544 NORTH PENRYN ROAD,Lancaster,20.44
420,395771,LAKESIDE AT WILLOW VALLEY,17584,300 WILLOW VALLEY LAKES DRIVE,395797,LANDIS HOMES,17543,1001 EAST OREGON ROAD,Lancaster,14.09
421,395771,LAKESIDE AT WILLOW VALLEY,17584,300 WILLOW VALLEY LAKES DRIVE,395805,FAIRMOUNT HOMES,17522,333 WHEAT RIDGE DRIVE,Lancaster,16.01
422,395771,LAKESIDE AT WILLOW VALLEY,17584,300 WILLOW VALLEY LAKES DRIVE,395806,ST ANNE'S RETIREMENT COMMUNITY,17512,3952 COLUMBIA AVENUE,Lancaster,12.34
423,395771,LAKESIDE AT WILLOW VALLEY,17584,300 WILLOW VALLEY LAKES DRIVE,395844,ELIZABETHTOWN HEALTHCARE AND REHAB CENTER,17022,141 HEISEY AVENUE,Lancaster,26.37
424,395771,LAKESIDE AT WILLOW VALLEY,17584,300 WILLOW VALLEY LAKES DRIVE,395857,EPHRATA MANOR,17522,99 BETHANY ROAD,Lancaster,20.6
425,395771,LAKESIDE AT WILLOW VALLEY,17584,300 WILLOW VALLEY LAKES DRIVE,395956,GLEN AT WILLOW VALLEY,17602,675 WILLOW VALLEY SQUARE,Lancaster,1.56
426,395771,LAKESIDE AT WILLOW VALLEY,17584,300 WILLOW VALLEY LAKES DRIVE,396079,GARDEN SPOT VILLAGE,17557,433 S KINZER AVENUE,Lancaster,17.61
427,395771,LAKESIDE AT WILLOW VALLEY,17584,300 WILLOW VALLEY LAKES DRIVE,396119,MT HOPE NAZARENE RETIREMENT COMMUNITY,17545,3026 MOUNT HOPE HOME ROAD,Lancaster,26.24
428,395771,LAKESIDE AT WILLOW VALLEY,17584,300 WILLOW VALLEY LAKES DRIVE,396128,MAPLE FARM,17501,604 OAK STREET,Lancaster,17.17
429,395771,LAKESIDE AT WILLOW VALLEY,17584,300 WILLOW VALLEY LAKES DRIVE,396140,REHABILITATION CENTER AT BRETHREN VILLAGE LLC,17606,3001 LITITZ PIKE,Lancaster,9.9
430,395774,CONESTOGA VIEW,17602,900 EAST KING STREET,395786,PLEASANT VIEW RETIREMENT COMMUNITY,17545,544 NORTH PENRYN ROAD,Lancaster,14.77
431,395774,CONESTOGA VIEW,17602,900 EAST KING STREET,395797,LANDIS HOMES,17543,1001 EAST OREGON ROAD,Lancaster,8.42
432,395774,CONESTOGA VIEW,17602,900 EAST KING STREET,395805,FAIRMOUNT HOMES,17522,333 WHEAT RIDGE DRIVE,Lancaster,14.17
433,395774,CONESTOGA VIEW,17602,900 EAST KING STREET,395806,ST ANNE'S RETIREMENT COMMUNITY,17512,3952 COLUMBIA AVENUE,Lancaster,13.29
434,395774,CONESTOGA VIEW,17602,900 EAST KING STREET,395844,ELIZABETHTOWN HEALTHCARE AND REHAB CENTER,17022,141 HEISEY AVENUE,Lancaster,20.7
435,395774,CONESTOGA VIEW,17602,900 EAST KING STREET,395857,EPHRATA MANOR,17522,99 BETHANY ROAD,Lancaster,14.93
436,395774,CONESTOGA VIEW,17602,900 EAST KING STREET,395956,GLEN AT WILLOW VALLEY,17602,675 WILLOW VALLEY SQUARE,Lancaster,4.84
437,395774,CONESTOGA VIEW,17602,900 EAST KING STREET,396079,GARDEN SPOT VILLAGE,17557,433 S KINZER AVENUE,Lancaster,13.76
438,395774,CONESTOGA VIEW,17602,900 EAST KING STREET,396119,MT HOPE NAZARENE RETIREMENT COMMUNITY,17545,3026 MOUNT HOPE HOME ROAD,Lancaster,20.57
439,395774,CONESTOGA VIEW,17602,900 EAST KING STREET,396128,MAPLE FARM,17501,604 OAK STREET,Lancaster,11.5
440,395774,CONESTOGA VIEW,17602,900 EAST KING STREET,396140,REHABILITATION CENTER AT BRETHREN VILLAGE LLC,17606,3001 LITITZ PIKE,Lancaster,7.27
441,395786,PLEASANT VIEW RETIREMENT COMMUNITY,17545,544 NORTH PENRYN ROAD,395797,LANDIS HOMES,17543,1001 EAST OREGON ROAD,Lancaster,10.19
442,395786,PLEASANT VIEW RETIREMENT COMMUNITY,17545,544 NORTH PENRYN ROAD,395805,FAIRMOUNT HOMES,17522,333 WHEAT RIDGE DRIVE,Lancaster,16.65
443,395786,PLEASANT VIEW RETIREMENT COMMUNITY,17545,544 NORTH PENRYN ROAD,395806,ST ANNE'S RETIREMENT COMMUNITY,17512,3952 COLUMBIA AVENUE,Lancaster,14.07
444,395786,PLEASANT VIEW RETIREMENT COMMUNITY,17545,544 NORTH PENRYN ROAD,395844,ELIZABETHTOWN HEALTHCARE AND REHAB CENTER,17022,141 HEISEY AVENUE,Lancaster,14.13
445,395786,PLEASANT VIEW RETIREMENT COMMUNITY,17545,544 NORTH PENRYN ROAD,395857,EPHRATA MANOR,17522,99 BETHANY ROAD,Lancaster,13.89
446,395786,PLEASANT VIEW RETIREMENT COMMUNITY,17545,544 NORTH PENRYN ROAD,395956,GLEN AT WILLOW VALLEY,17602,675 WILLOW VALLEY SQUARE,Lancaster,15.37
447,395786,PLEASANT VIEW RETIREMENT COMMUNITY,17545,544 NORTH PENRYN ROAD,396079,GARDEN SPOT VILLAGE,17557,433 S KINZER AVENUE,Lancaster,23.15
448,395786,PLEASANT VIEW RETIREMENT COMMUNITY,17545,544 NORTH PENRYN ROAD,396119,MT HOPE NAZARENE RETIREMENT COMMUNITY,17545,3026 MOUNT HOPE HOME ROAD,Lancaster,6.98
449,395786,PLEASANT VIEW RETIREMENT COMMUNITY,17545,544 NORTH PENRYN ROAD,396128,MAPLE FARM,17501,604 OAK STREET,Lancaster,12.23
450,395786,PLEASANT VIEW RETIREMENT COMMUNITY,17545,544 NORTH PENRYN ROAD,396140,REHABILITATION CENTER AT BRETHREN VILLAGE LLC,17606,3001 LITITZ PIKE,Lancaster,8.64
451,395797,LANDIS HOMES,17543,1001 EAST OREGON ROAD,395805,FAIRMOUNT HOMES,17522,333 WHEAT RIDGE DRIVE,Lancaster,7.72
452,395797,LANDIS HOMES,17543,1001 EAST OREGON ROAD,395806,ST ANNE'S RETIREMENT COMMUNITY,17512,3952 COLUMBIA AVENUE,Lancaster,15.11
453,395797,LANDIS HOMES,17543,1001 EAST OREGON ROAD,395844,ELIZABETHTOWN HEALTHCARE AND REHAB CENTER,17022,141 HEISEY AVENUE,Lancaster,22.51
454,395797,LANDIS HOMES,17543,1001 EAST OREGON ROAD,395857,EPHRATA MANOR,17522,99 BETHANY ROAD,Lancaster,7.32
455,395797,LANDIS HOMES,17543,1001 EAST OREGON ROAD,395956,GLEN AT WILLOW VALLEY,17602,675 WILLOW VALLEY SQUARE,Lancaster,14.23
456,395797,LANDIS HOMES,17543,1001 EAST OREGON ROAD,396079,GARDEN SPOT VILLAGE,17557,433 S KINZER AVENUE,Lancaster,15.63
457,395797,LANDIS HOMES,17543,1001 EAST OREGON ROAD,396119,MT HOPE NAZARENE RETIREMENT COMMUNITY,17545,3026 MOUNT HOPE HOME ROAD,Lancaster,14.89
458,395797,LANDIS HOMES,17543,1001 EAST OREGON ROAD,396128,MAPLE FARM,17501,604 OAK STREET,Lancaster,5.14
459,395797,LANDIS HOMES,17543,1001 EAST OREGON ROAD,396140,REHABILITATION CENTER AT BRETHREN VILLAGE LLC,17606,3001 LITITZ PIKE,Lancaster,2.54
460,395805,FAIRMOUNT HOMES,17522,333 WHEAT RIDGE DRIVE,395806,ST ANNE'S RETIREMENT COMMUNITY,17512,3952 COLUMBIA AVENUE,Lancaster,20.65
461,395805,FAIRMOUNT HOMES,17522,333 WHEAT RIDGE DRIVE,395844,ELIZABETHTOWN HEALTHCARE AND REHAB CENTER,17022,141 HEISEY AVENUE,Lancaster,28.05
462,395805,FAIRMOUNT HOMES,17522,333 WHEAT RIDGE DRIVE,395857,EPHRATA MANOR,17522,99 BETHANY ROAD,Lancaster,3.28
463,395805,FAIRMOUNT HOMES,17522,333 WHEAT RIDGE DRIVE,395956,GLEN AT WILLOW VALLEY,17602,675 WILLOW VALLEY SQUARE,Lancaster,15.95
464,395805,FAIRMOUNT HOMES,17522,333 WHEAT RIDGE DRIVE,396079,GARDEN SPOT VILLAGE,17557,433 S KINZER AVENUE,Lancaster,6.34
465,395805,FAIRMOUNT HOMES,17522,333 WHEAT RIDGE DRIVE,396119,MT HOPE NAZARENE RETIREMENT COMMUNITY,17545,3026 MOUNT HOPE HOME ROAD,Lancaster,21.12
466,395805,FAIRMOUNT HOMES,17522,333 WHEAT RIDGE DRIVE,396128,MAPLE FARM,17501,604 OAK STREET,Lancaster,4.82
467,395805,FAIRMOUNT HOMES,17522,333 WHEAT RIDGE DRIVE,396140,REHABILITATION CENTER AT BRETHREN VILLAGE LLC,17606,3001 LITITZ PIKE,Lancaster,10.14
468,395806,ST ANNE'S RETIREMENT COMMUNITY,17512,3952 COLUMBIA AVENUE,395844,ELIZABETHTOWN HEALTHCARE AND REHAB CENTER,17022,141 HEISEY AVENUE,Lancaster,12.31
469,395806,ST ANNE'S RETIREMENT COMMUNITY,17512,3952 COLUMBIA AVENUE,395857,EPHRATA MANOR,17522,99 BETHANY ROAD,Lancaster,21.73
470,395806,ST ANNE'S RETIREMENT COMMUNITY,17512,3952 COLUMBIA AVENUE,395956,GLEN AT WILLOW VALLEY,17602,675 WILLOW VALLEY SQUARE,Lancaster,11.81
471,395806,ST ANNE'S RETIREMENT COMMUNITY,17512,3952 COLUMBIA AVENUE,396079,GARDEN SPOT VILLAGE,17557,433 S KINZER AVENUE,Lancaster,27.06
472,395806,ST ANNE'S RETIREMENT COMMUNITY,17512,3952 COLUMBIA AVENUE,396119,MT HOPE NAZARENE RETIREMENT COMMUNITY,17545,3026 MOUNT HOPE HOME ROAD,Lancaster,14.59
473,395806,ST ANNE'S RETIREMENT COMMUNITY,17512,3952 COLUMBIA AVENUE,396128,MAPLE FARM,17501,604 OAK STREET,Lancaster,18.3
474,395806,ST ANNE'S RETIREMENT COMMUNITY,17512,3952 COLUMBIA AVENUE,396140,REHABILITATION CENTER AT BRETHREN VILLAGE LLC,17606,3001 LITITZ PIKE,Lancaster,11.91
475,395844,ELIZABETHTOWN HEALTHCARE AND REHAB CENTER,17022,141 HEISEY AVENUE,395857,EPHRATA MANOR,17522,99 BETHANY ROAD,Lancaster,29.16
476,395844,ELIZABETHTOWN HEALTHCARE AND REHAB CENTER,17022,141 HEISEY AVENUE,395956,GLEN AT WILLOW VALLEY,17602,675 WILLOW VALLEY SQUARE,Lancaster,21.61
477,395844,ELIZABETHTOWN HEALTHCARE AND REHAB CENTER,17022,141 HEISEY AVENUE,396079,GARDEN SPOT VILLAGE,17557,433 S KINZER AVENUE,Lancaster,34.49
478,395844,ELIZABETHTOWN HEALTHCARE AND REHAB CENTER,17022,141 HEISEY AVENUE,396119,MT HOPE NAZARENE RETIREMENT COMMUNITY,17545,3026 MOUNT HOPE HOME ROAD,Lancaster,9.4
479,395844,ELIZABETHTOWN HEALTHCARE AND REHAB CENTER,17022,141 HEISEY AVENUE,396128,MAPLE FARM,17501,604 OAK STREET,Lancaster,25.73
480,395844,ELIZABETHTOWN HEALTHCARE AND REHAB CENTER,17022,141 HEISEY AVENUE,396140,REHABILITATION CENTER AT BRETHREN VILLAGE LLC,17606,3001 LITITZ PIKE,Lancaster,19.34
481,395857,EPHRATA MANOR,17522,99 BETHANY ROAD,395956,GLEN AT WILLOW VALLEY,17602,675 WILLOW VALLEY SQUARE,Lancaster,20.64
482,395857,EPHRATA MANOR,17522,99 BETHANY ROAD,396079,GARDEN SPOT VILLAGE,17557,433 S KINZER AVENUE,Lancaster,8.15
483,395857,EPHRATA MANOR,17522,99 BETHANY ROAD,396119,MT HOPE NAZARENE RETIREMENT COMMUNITY,17545,3026 MOUNT HOPE HOME ROAD,Lancaster,18.4
484,395857,EPHRATA MANOR,17522,99 BETHANY ROAD,396128,MAPLE FARM,17501,604 OAK STREET,Lancaster,2.37
485,395857,EPHRATA MANOR,17522,99 BETHANY ROAD,396140,REHABILITATION CENTER AT BRETHREN VILLAGE LLC,17606,3001 LITITZ PIKE,Lancaster,9.74
486,395956,GLEN AT WILLOW VALLEY,17602,675 WILLOW VALLEY SQUARE,396079,GARDEN SPOT VILLAGE,17557,433 S KINZER AVENUE,Lancaster,17.56
487,395956,GLEN AT WILLOW VALLEY,17602,675 WILLOW VALLEY SQUARE,396119,MT HOPE NAZARENE RETIREMENT COMMUNITY,17545,3026 MOUNT HOPE HOME ROAD,Lancaster,24.81
488,395956,GLEN AT WILLOW VALLEY,17602,675 WILLOW VALLEY SQUARE,396128,MAPLE FARM,17501,604 OAK STREET,Lancaster,15.74
489,395956,GLEN AT WILLOW VALLEY,17602,675 WILLOW VALLEY SQUARE,396140,REHABILITATION CENTER AT BRETHREN VILLAGE LLC,17606,3001 LITITZ PIKE,Lancaster,8.89
490,396079,GARDEN SPOT VILLAGE,17557,433 S KINZER AVENUE,396119,MT HOPE NAZARENE RETIREMENT COMMUNITY,17545,3026 MOUNT HOPE HOME ROAD,Lancaster,36.61
491,396079,GARDEN SPOT VILLAGE,17557,433 S KINZER AVENUE,396128,MAPLE FARM,17501,604 OAK STREET,Lancaster,10.69
492,396079,GARDEN SPOT VILLAGE,17557,433 S KINZER AVENUE,396140,REHABILITATION CENTER AT BRETHREN VILLAGE LLC,17606,3001 LITITZ PIKE,Lancaster,17.99
493,396119,MT HOPE NAZARENE RETIREMENT COMMUNITY,17545,3026 MOUNT HOPE HOME ROAD,396128,MAPLE FARM,17501,604 OAK STREET,Lancaster,16.88
494,396119,MT HOPE NAZARENE RETIREMENT COMMUNITY,17545,3026 MOUNT HOPE HOME ROAD,396140,REHABILITATION CENTER AT BRETHREN VILLAGE LLC,17606,3001 LITITZ PIKE,Lancaster,13.04
495,396128,MAPLE FARM,17501,604 OAK STREET,396140,REHABILITATION CENTER AT BRETHREN VILLAGE LLC,17606,3001 LITITZ PIKE,Lancaster,7.56
